email,password,token
52djp2le@hotmail.com,Sxl31G4aQOXz,a1qJWW1jsUz9iztTl7iQxbS6BiB4tOGzWV0MKvmQeIzat8aCAx
b589anka@proton.me,Tuu1B3fop3cR,KcpHSm8t1ViYd56WuHqPqO1Iu840ugQqXjmL4NvhYslwNWen5M
tw57fv9z@outlook.com,93qLU0wGp7sT,J9kJttzGYzixeohAWKT2ujqmr6tS69m5dRWlkYfrfSqjHdojRy
6jcxf2am@proton.me,kh7wSNCRjy94,LZ9eF6Qkl21AthIWCKV430T10oUju0aDWkoCWE5zgmaVDNGDjn
3u84t2u2@gmail.com,mjNQq7cj8jg1,xueGf0j6F1MruXirLp2mbtpgaqvelZLkgmIQ5bfochWeriBlho
n63s49i6@proton.me,3dyp3QQ5DRHl,M5GGnBTqhu5aNfT7NXgqTHyMPxkmBeZkUJ8byDE0y0Qk5ZbtTa
z2d8wlen@outlook.com,yxEygi6wyhSj,Vb39rBJKNsHt3RW4fm0rwcbout8WcDHh5W2pqx9owqmuLD6cGM
gd4pdojf@proton.me,50OHMJG4zjJn,zXF6W30NZaSR8OyUjIX9XVTSKooA9Rx4e93w9O2Y6fMf2OP2yD
cb9ycsnx@gmail.com,lA41pgtaZ9zw,kqg14W0hEzNvknNpBtyALy798zBLuX93EbowOOBmtExHyrNqXP
b55ziw1a@proton.me,NIxeVjm2IpFL,ND8mjA8w5yq6Dhb5gZ4nDYaanUm1xd5VN6jZjzyd8WKpmxi0PE
4wiyzcuv@hotmail.com,t9kJLRxRegFa,rzGLuAWRhkNIrCUuuZY9ojzfaIEyVtVIllO0PaWJgTfocD5BLE
lle3x9lt@proton.me,YYLTxs8PAt2X,Ez1biCSLEJ1jbYWyPGawUOYmHNQoQEhr0mKRdsyCrNa8Qv5Kk4
4gk561rg@proton.me,SaFyejxt4Z0z,89c9qPDdif2B03wcrS4I7KxHlXKDMYDSA75PVLt7OfE1vL4zIi
cpmgp4iy@proton.me,rmoTogBPG99o,h8V5ipcteFmFpdRnrZo04Xzi4RCU6BoxSQdPLMbz2MKXggQTar
xmt66y5q@outlook.com,YFxnbnyTTLeh,8KmJPr0yi69QkenxcTuEVkXCQupzdVusjKTTckAhAg9M284eJl
tp0x7fe8@yahoo.com,ayma5Glkbxc7,Qlpnjem5nPOctQkvgZHBh9soYSBw4hmGAArQzyONFP4Pk7nLKp
g7xwwbp5@hotmail.com,DPhi3Mr1V6GP,KzUTJojK8iTjdFhl0vhEoZQVakV8EJdaiqJBO0XVlvfKiRDBVF
lxgbbcz1@hotmail.com,6S2e1g8Y6kPp,BzmO9vMcPhpQhNJnrT8N4MGmCeP8EAOg2bD07YXWj3FVI7IKGR
yf30r236@outlook.com,vbRQ2UDx1E9r,qMTFLzpGG9UwayjQf6EVyGYpXyPtav4t22N6FJEjmqgVEuXBqj
ky6m7nk7@hotmail.com,SpLQkTkyC5IH,N1UfnlUMiu40OKcisiOPzVQOZZ2Y2zHOvZ2wcvLlqNRc0arfXF
qj3xxp6g@hotmail.com,cLI0GEgBPMCB,a4BKO3N9CHrrJGFYJHDlxjjpVkfc7r0vvJ3wiL2nJIM5dnRel9
pd3c58kb@proton.me,IItkgI0Yal6B,jhat80bVqlQptkWeMMXJ6uBlPT94yqz45enDS856jgehShdbIH
stwh8lpx@hotmail.com,fAvvgP0l3KzK,6ARa0gjzdFXRTXc35jFpQIEbZxgAlhtEPaO4Cd8dJkYCZ6ypRN
gwf0dfpt@yahoo.com,5BoexJla18g9,tXGCTsyOxOvBopusv346eOB0smOvfDiiBeDzjEvAVa5Qi7ZdyP
tt21ky3x@gmail.com,S98OzDLiqRst,GJ6TkxNAsiGAjIbjgHTer3afv86YYfDWrTMPO7DceXQLmSJSA3
2jqa3b19@yahoo.com,u1TRYt6BbLXs,goVNhugxEXcLDKexGQ6ZUJig3z6xUwZ9twjoKA3HvpOwnbb79o
pu0gn2f9@proton.me,P1ThmbiMN1AP,Uys2hDFgHkZfq3NxZ6px2M8Vzq8VFucSextbO9Tj77CSdgOeWf
qrv1cffv@hotmail.com,RfLaFBoMNOEt,uYCwADL4Knb7Za0mqJ4WGzOxypRhTK7Z0yiE1LGXzfH48akwrZ
b5amkqib@outlook.com,20KGwYXu9J6U,s48ArKoA3eXodLZgsy4YufPFv1AKemw3pD3U3sYsOEX7hJJ7tO
4tb7gb8n@outlook.com,J3bvN6QhEsrg,SmkdQMgsoqgqBQlGP2kiwGkw11lvqGvTo6MiYUKlWdqlty4rLU
fjh4hoo4@gmail.com,gAtQnG02td38,VJMFjQDL3qnF16mO3YbBgZATlJiWVvx3Ag6AqBkuryUs0wlY00
vq89lmt5@proton.me,mO8VPSOtHmfv,FdJGMROKIEqxLT4t4h2sNQhP1LxLwPsOw5vF0LH5aFcQ2GO9lE
e8er9pod@hotmail.com,rfAfTh9yiTKQ,UQjG736MMAgaNSFmCIg156vQ2LIUcRio5ClydhtJWtySPBvxhy
l93p7wml@gmail.com,Q24wQTaz2ooN,zNKGgIe8wKOCXg18ItYLRda6PSAQfv7bG3TW8BUWAO1ByZLVdQ
8wequi6y@outlook.com,r8zvJRDw7tKI,raVk9X1ZG7hk98dxhjCHKYv8EFXsXrpmqqXQzI00TiSYsYqcNi
u5a1yp6q@outlook.com,qqSw9WkQd0iD,okz0WDQHN0Xp49gdxSgFlbPGHFItKgnVpHsudKI1Qx1cO4bRaI
awyknmoo@yahoo.com,oLGgBW7bramT,kvuCncpAeMxd0lC0VTjzrsPhO0DnqpD3fdOlIJ2scPerDF6vwd
vu5dbf90@proton.me,ShD1ZwWSFRaw,Y625GKzYOgsR9RqNglRpKtV3YM2NMf6YSv5T9fOqVn03orLjXC
uw4mqolm@yahoo.com,uGgibdBwf8gt,gQAkaPnF9Dz3um2vLa0sJDyxzfHlowTg7NAsw7OjqIvWfj4Gen
lksjhvh5@hotmail.com,61aLZMuBW5kz,fU2MXfAMNGof68wxp26867kzp0SVGJ77G01Vpueo8hBKij25Kv
ek2gyk0i@proton.me,OvzsZpqRRN2E,5kFLCBWCvPhl8ff4woraTLFgPpokXuKFEQdqx3EtgJHuPuQgz0
hht85bkc@proton.me,s6V6vdwQcV8c,fgmYGhUHBupOpyzmwKkdRWuwApCtQNUCuXVXCOEMpLSlSAIYkG
6tl6g5hc@hotmail.com,0NAnIqGJEBUx,sbrVevS080waiXrDPBSzuZntFQZsCM4Tl4NHVthuFFky1DlKk1
hhtfzdva@proton.me,C53OKXuKPucI,5DMtz5m3MD9AC0bp3tgAumHyEJCXSRhizmvV6OjPYZCMa2zaxt
73s6sk4a@proton.me,wk4vRMjAIkjQ,Xg0lMOBRbItuExiWoNbaDzA734wQ6qxvRnPX7G0MNMI0CaReZ4
ciqmga1v@hotmail.com,EgbYWpACx0iY,fc1E1cRbXluvtJLJskWgSlg2wysjPdO72anZZr869x9mI434ke
yay3n00r@yahoo.com,duKiBnWjUteB,i7opKqsiuVlZ7txBzIfZMvK5mO21jFpFJFggNvels7RTrP9i2d
qtpt9zoe@hotmail.com,64LGkp8NNMV5,l8uy0QL3npbuTHz5VyYflBGp2ihmfn0SsYidUUDsvsPSebLdjY
wtt0j6cr@outlook.com,54Noy1EV9ouq,ystTuApuelcv2EN8GdxMgTANErZGZ4TM5DIAaihvZlRqUdUsiI
xyungcao@hotmail.com,LvVYOwDZbCbm,m9mdDb5EKCgWweUx044aslueS09PmX1An04MZNMMijME8fe7yU
p1o4zl9a@gmail.com,RyEVvAv3vky5,oVZdjprvV13dMJtLlcXRgRmfyBnM3x4AhB84ciM1D2pxFeW8ZG
9i492w3b@outlook.com,zKbosYdmSJaO,vepEuf8gN8gaxDdqOUKHNvEZxddeKwPpKyjK9mG9zSMYTYqeMW
n1mbex89@outlook.com,eQLu3WAMdZ0Q,rBGuvdbB5sRRYVFoxgoTjA9x5iGrypHvsNZ1bHF62k3GD3NSDs
ykmmwqod@outlook.com,1rc3xuX4HerF,R69QzLEyufMzkl6ihR7SUyv9S2a47FQt8HiXE0M5nPMhi2wFx8
rdm7cbeh@hotmail.com,Sii7Pow0mBAi,6pqLpkVJp0CUvZrlHDrrELgU5Z4xbOkEsmNLL1A7x22R9KcVQy
fkefo5ji@proton.me,BnpduhEDzdDj,N0fQvVW9wJLyly2b1yg1fCQMAmoyNHAsx8EanRD2UznhShv4Qf
3j9wl3mz@yahoo.com,oLfQOEgOAuSF,VhocciRvpFTu1WvjKNJ2WspZLbuDc95R8jbzTD8vFWNZnxLOUc
x1w5754n@yahoo.com,Kof87xrvuCOe,0Z3EGgrIy8SBVaIcd4dwM5P5teFdoqHNEEmIaTl7T2uUuDmmzP
ndrzc2vw@gmail.com,ly10w9uKN3AO,JVdMxkqAauwQXmOCclxwqXsi5tm9Ydhj6rYlKqHW4KQx7BK883
xly0jw7j@outlook.com,Qu28HuBU6MmC,MYj93I6rrWw5fGMhDpbpTXL1brhn3f3YOoZRXyAcacane45QsB
qzgfs5ux@proton.me,7PhEz4lB6ogD,wff3fbwRGyp2S49SBRAuqARZNa9BiRjJkf60d3Qeupps2HYVXf
cx0wlffo@yahoo.com,uhHAaEnN0FTt,EYbUwAFY5Q8PJk7srkLvcUD2QX2wHjtABKUENPCMXZ0WZ9SPAK
8vfaoqjl@yahoo.com,MRABBcIJNwko,EZltX7CQzQ2PzFu8sNhkbxY4StpfObnb9rAMuLYLTP4iR4fqr0
nfyo2bhc@yahoo.com,ZtSFOCAxyUy9,a8EMPitz7xL4kFCUQ5PWwb38jjd5GBRARdN5bCHToCBXoIqztv
68e0mkuw@hotmail.com,6z0JqRPfoKay,V2QUhZcH4XWOrUgy4i2v6TzvbOcIPPDH9mPJUJSezsI67HNu06
sxd63vn7@hotmail.com,KrbcMHirqWjA,zd5vZr8t3Nx0L4uY431idqgTsnqVMT44DiJWme0U1E2QlHQw2h
bht23cel@hotmail.com,YivaiZeMRX4g,xNKqa4n1cQW4Z8S5YSc7vSnwQ02E1583ZQXzPQaXmq2MZ4snKh
p9zvycv3@hotmail.com,mt6aW3cc8733,88LzgwN0zkWRYVtZGUBmdqZ3ugAptB8vY686h67IaqDtWJOdvr
3qnh01qg@hotmail.com,dBb3YBP5CuZQ,CYATOrO62ecfkvyFatUCf9fXPdBAvQcJPnZvDKlz12mqQfcbMB
w7dihzpr@outlook.com,5gAKn80ZEc3w,gQGWLsE6yenpCOGAiwQ8d5FsBTKzth37uw8OOUHkw57fpNx3yb
kwp2urxq@hotmail.com,fUp6FWmImY17,0PjAyXgYa6B4B60RUDryqIbcesSLTfpTXJxditKFqgxFWVKudx
krel4eyj@hotmail.com,42u0tg6YStHv,e7BZPPYm7IXKttvpkH7Gi5Dpl0SylxRVDtjfN9tnlGdxsjxUIc
h2948rsf@yahoo.com,mFWZjWTe1KUR,eN16pm2nAKTIZGAfOe81BJnM75vI0lcbDQ8PfRjH3ZiXIxJztN
yg811boy@yahoo.com,4VB8M4IALBaC,ZTNx4fnJgiOKNPU0Uy5WQvU7Vt9sa6fP5efJBg50uY5TsRjphU
yrt6psy8@gmail.com,HoGxnJ2j3UiH,jzH14IwqwtxQBIwlYyHhNu5k9AOrWMAu5Buvpbbaz0svtrLc4d
445sqknn@hotmail.com,MNEZcytim9gV,8qmetnbOK5QfwAVUUGsomTMGN3NyxsgCOOdKvKEmMV5bphyMLP
nswq7ywl@proton.me,chUfE193LRly,ey17GQz8Knlm3Y0PfxKL1znFYMclz48iTccGu1lzl2nNz9vg5e
gfc2dk60@yahoo.com,15kTviqThx05,hm5HTNMfpuvE4JBqABkv0Cjy0jZKNwVf8jGkZdBsUF32KkXj5L
p88uw9v8@gmail.com,7NXxBTZzLDcu,imZyEIeiNXF3ii6lKL9rk3fXb40T3bxJF5RHYApzOyKgFNk758
aazh5874@outlook.com,ic5M3awXTChg,cFpwbEAexfRaaqGQi9aVrHy4koVHuSHLD2NpjDCnVF0izW7QfB
3ng8ww0q@gmail.com,EKkKcKLfbhHP,xW04rGMg5bybljWFltHzaty53AkkguHamorlqWrTK4tCU6QstF
s52hr4fj@proton.me,o3GWX9veS8OG,3NXDnMZPeuQZQLrsrpVCUWas6sPEwwoLxYsejU9wwzs91tK80f
fhbg5nvb@outlook.com,v3o2qkT7uHiZ,aaGRlHmzBkZoWwI5SrnjYb4BrNuw0ba2TVx7OV7RtKmYflVbRc
8gb92tjt@hotmail.com,rVvszs0Vds2E,SLkhN2AFCPcJ1tKv2eNGH1XQzr9qrJxIQSxKN521UakY7xp0wv
bu73oiew@outlook.com,DXTY928Q05DC,zYXLua7k7x4bUvNlUCREdQfWSPg3Z4W7dRBy6AK3Suk9BpYZWj
g1ktg7o5@hotmail.com,tGhEIdY2pu5R,ptmDZVqWs4iWljUYawNY2oL8wuyt7u4oJq79FTaE2eaNQcKlmp
xqwqih4p@outlook.com,38yWP4vLPmZW,UvPILsHXwYpEEjT2g1WkhxwSCiu1yffiPhKatQwszEpuDhVTLv
qavd40qx@hotmail.com,fKmHFZ99o87p,j29jW1fCggxDQ4dRDZDckZFGIbOLn22oNLhYDa8jrIInZBLXtM
551290w4@outlook.com,jpGgihgi0AFR,ly6kf5EQgA0xIblMNxGoV4eb5HDHZ1nTgYdgQ9wUm6gabGLxXJ
lbkoduoj@gmail.com,exWX0AuIf6Df,tlUjAcDHMOzLJ5VWhmjpzn9mXBKc8x9Mlxt6TSCrb8hlhP4V1s
zvy28jk8@outlook.com,eeeRcUxWN0Vh,EzxCjYfwwwjZzJHXl2EIPEQDb3QuCvsa1aldGkvJDS1AZ3VWtH
l0wp08na@yahoo.com,Tt9GGKlz3Xod,N4a6Ex0E27G0aXDelytuDa9qTbJgf5xMJWuu0ktIJ0meOb4kOV
0kk0l01o@gmail.com,5ro9aaZQjZlS,E9YPeernlirUXNHiVzFFLm9HOiXWq2vwlHuOnyCedofmpufq3u
l65ujcbz@proton.me,59GVnUNSjuoR,1CMsFvth97gSKycdDtjFk6XZlAizsvaYr8co2jmIcge7RozVZI
uuv630n5@gmail.com,6zhy1BmLifZN,nv94vMeUQ2HQkMIWV61vjbsZ2BHt1tuUMF8aNytonlifuE5P0u
m7lj8uv9@hotmail.com,FRHpdEU9ywf0,pkBAV3eDG4I2csFt6LdBOHf5hCQYdZVk6d6dfCYBqbVkcYg9zu
cyhkxwbx@gmail.com,LNhYHBI5ouP7,ZtdbngJPY2L3FqLSsTDLFatQ435VXL2JmcKftRkXp0NDhySWyl
ykxfp2wd@hotmail.com,Agp4LzLjyaT9,WKa0vbGrBu5wzF2oXSPKxltMuUMjNs6f7obxZJ4acMpssOO9nU
j08l52n4@hotmail.com,i9E3uXat0OWL,elU8t8HYt3GA6PAmWmQrQDLi2MxGY1OCtvV5Ng5jy8qIVFVBQz
m7o67p6k@hotmail.com,VEyPTtBpUvkZ,O0cTxBTPmVN8x4rQ2FpOCP1A4Ddc0ZkenbKzXxGythcKz8nivS
qxxhatpv@outlook.com,tUMSXvGzGASK,hclmyZn1ig7V266LearRhNQ2u9MkoKYCipmrFFks7ITt0Lt1ID
jtt75850@gmail.com,e8Zgr1AejExb,zeBLz5SAu6l16mZWljDldo7UU3UlFUzZ8pj4wCHs8IhrlapLeV
c0o4vcrp@outlook.com,KL0KKOHhxISg,V2uA2mfpkbgqXQDEUVQunkrrY2u9rkYf3ufAd8QYahjFvs4DfY
0f34l0ex@gmail.com,nbWxJ1tyrNXB,OE36ODOxhQGc4D8L29GyljXm00yTncmwZ8kG9cv4ek7dFDup8Y
px77ze1s@proton.me,vB0PdWWolH04,9f4Kjr2lJZL4rB9ovzaLgK0ydxJAAWjesoYYEAGR7PxwM0Q15r
1toc50z4@outlook.com,F9bwxeCpJNAF,wOaekPqIbevJvY15pWu6YQxh1xfm6hhRjYV1v6crupIqtwe9pg
wh6ifcjc@hotmail.com,BJGt2WvxJsX9,0BccEyHnLgQO5D80u4v9J2tE6wcAhXHryXHuERcg6caCAfS5us
s10adbr2@hotmail.com,YQJ4miwjpFBy,2HcVJd5PnxiNtb7rluEHcnxxDO4rJiPCkRtKnDizgRZnXQ8kJl
ag7qrjvc@gmail.com,mJsePlXQnriC,j0JGTNgk3fl5EDjfw30gv8hQEX4SMSYQNGP5VgS5miIt4xrnY5
09kt2ara@hotmail.com,SkpQmUp9VYR1,JhDsR9mHrFhU45q3DcZzZafnqHYO2GeSS7WeuX6HwTMVCmwJZI
pd5ranaf@hotmail.com,DORDFb0S0uxi,YrVQxkZksPBXhEIKYjtMDmJlsRjcjBCOSaqZtJRr9FQQfyvd91
b5ljvpxz@proton.me,AtIRotFEqyfy,moQEBYhVUXrPih4v8nvGvhkKzBLskp0bHqa6v1I3ulzF93WoNT
xfqjvh71@gmail.com,YI0nHeeNX3uf,YGiryL9mh2uNmtSFleLf57UbXKWdfNuiUOLWtTNA8SOwveuxm9
8zx8me47@hotmail.com,q2c9bvGF9hHe,ginawhMfAFzjCI6afpPmr6QognLwdzIFrPpUFHRUgeIcKSol8w
prjhl03k@yahoo.com,sSAqMAppdLm3,IG8HFbOiYPRYHuWGsjDIRAxJPuHqitTM3EhRDWhWE3lxhOkNfP
m9bm88ob@gmail.com,thpXTQJ4OtZj,rLwjwx18H0c8HfIEJbdclc0FJU38IShDA8B5JZZGDr7TSPPTpb
tfasotap@yahoo.com,qGv2aBZEICVD,OnOQZu3tTrFABj87dXj7YG7mEmigj6iKVxSvmi8jpyOLVcaJ5O
4w1g24en@outlook.com,qB0Onh5AUMtt,aWNE7Xg1zCZMXEyqppSWielcSsUOovY65X4iuYDJ1r5kTgM90K
v4hpjiiu@gmail.com,WGP96LbP0wzY,5ZRpHaRdBP7KALvYcke9TwlVNXqNw2Vi34ZnFr1bt24uWMJ7xG
hxp7p862@hotmail.com,SJpCR3fWM4U1,aIKmiQZd1t8PJnL6SZQsR8a9RbbXosYAiW4M5t2FKeJHfGJc5W
xocro0v0@proton.me,Wt7qsxRFm6WJ,l0nTh02QXToWUErH6S4Ggj67Xh4oOgJ6kXyk5kXm0oukYWyWh2
4bm0jpu0@outlook.com,MTuQMOiXW3aH,Uim9nynbM8tEVrrwIQUkYRxHW1acR9OOGscA6EQBGm3aN9ApYZ
dms2mfk0@outlook.com,eTceFgLVK5qv,iWf1Qm9yLtkP5fGgIgNovsjX1hxJsFri6t4XvSu14EDVp5HUg3
fkr7dsgh@hotmail.com,ZxqQV0iStUOk,vmIp11UvzLxJJ90hX3jaD6i9VAjIZuykNqB3EQB5D97PQHDUKd
ow31h95n@outlook.com,Pl3EE9YVgplQ,gXdDhL5jYjL8WVaZPwTuoiKNTinbZXc67SSH7nj3Eiwx3qSYIB
1fkuaopx@yahoo.com,tUUkcqUB1irU,pNc09rjSHwiPTfdjI8dVmjm0GIztLCmHkY8FAPfDt3T9XrPMxb
28l7vuz4@gmail.com,4kq1M6BXPJ4j,enctHKx0jJoTMawK1MS7oeARVWgQNshKTYc2ingt91KauOAYjA
jw0vflgr@hotmail.com,ljxCJJ5HmE0r,NKK7OT1JPZiWxhEc5WtE1f7zR2qVqpBMCBC0CuNn0FboerI0O8
p14rcs9o@hotmail.com,BFCBej1YVNlJ,JoGK8VdAc3r4RuQzD9WFQmzNHJM154kR70IfU03NKLdmFzY1k2
d4oec9nw@yahoo.com,fKqZ9xb58Ug8,ojA5eyOCEc8tZ7XtuLxzkGyUzC88gB8xzTa5EympuaHa78ZNJU
pxcyx1o0@yahoo.com,8dhECemjKup9,T8oOhRqjrdxxiab9kLano8FfnbdotRzLtBoMZzInxkudxTNQOH
zguc6owv@gmail.com,OcJlZzfEQLjs,pBzkrz5Sh5TCpZTjDBE79ll6w8pO7VLa1nNo1xihTEFLQidKow
h5p2bbph@hotmail.com,xIwX8t4bSruC,9vYEWVpZDHkcnzxU7oUOvhSWEXSWrOh7DhEnkMpHT3zi6788Gy
yunv9i55@proton.me,8p1PWOQpW9MG,icfPXCFARe1OKtbhsWPYUjWYsq5fxkUFlNbBf9pQShXnHEPMLR
g6ez502a@hotmail.com,DNejVW3646Ut,gTnkzEKrq59fKnChNhlPJXxNtD8BNIt7YtoZXkjADEaLRMe70N
3itv98f0@outlook.com,uWfvZyBU5ffx,GMw1YoJTzAxAs7nSybign6yozrDAQDgk11e28M7WuqCmTeUbWB
j62toi36@hotmail.com,4B7CKeb2M7hI,Iy3yHP6VNdKrSX9JW1Kj999by0gqz3YflQ7VrOhPfFyixcbTuh
xhbgd74p@hotmail.com,fmyoPccu1umV,adUWpu5WmN0hj4uCthAqw2zldw72MdRGIjHGkmj4qIxagMLFti
6zulqm9j@yahoo.com,7Ucms4jQ5Uyx,RhsvqX8LniBy3SlbGcdiKoT1ATJw4qjf7Y7ciyiFK3FytyOoUa
rejicp5a@proton.me,5uddgX2JjmAG,wkN3B2FnbBGFSGoTZrwEqUV7vcrImAUQm0I4AxHENk9n8TP7lt
738k2913@proton.me,dWZNvr0B55SS,s8P4RQQfJC732tFqF1ytn5K76JwHK6arndR3SzuZ4m5nlOEKH9
u27kisd7@yahoo.com,z4Z9igZD4N7I,vE3BRbv0ZIqP5PbGbPUiJZulnLCFf3ItAyIjbCIk7w9aWceNvF
4leydqbw@gmail.com,4XOM9QhVXVEb,AXkwiSioz2aRbxql3af3q9pxKXp8O9An9Tj9jg20pPLhRCYfup
pykk34ty@hotmail.com,k00Lqrz3csde,ryVKhct5DFnZucAKfGvZPpxuLhEQSsu13fxElHGWLplHhCk2Ze
ptd8b1c0@yahoo.com,4gHsrV76emwY,p8W9xa8f6jEqj5eOa3pHILSKmTpLGBKxkl1RWd7nLj3Sf42ZGK
wbgro9ei@proton.me,8deJbBYd86As,NtePpd9C9kyZtkRTn1NloOPai5fNXXI18ikBze2QW6GCKI6UlY
epjdb4cj@yahoo.com,8T1V7NW2DKO3,n17IeQ4adOqjfYLyZDpWax9SNA6AQtW6A14jeTqHWhwG6pnueZ
4ud57t5t@gmail.com,pEVrqzJD8GCU,oLHpPQf8IK6aXz5lDMGxbNVjakNtmuiYMAvQws3mXy6cNPPN1C
dy1710gl@hotmail.com,mZsPwKEfs9C0,yT806gARRauhbnRQnhoK5ZlA5JLJRNmFJLogGvmrrSSMyAUJGW
a0noivfy@proton.me,VUy7ixJKIcsI,6oY2fbxTaOj8ReuQZqLMz4j4c40DKDbKsycfwoY07WajUNVdNc
q2gc5dej@yahoo.com,BSFCrSdEyioJ,cEdomQWLIQsRltd8aYjSgkLcc15obxdBHj49p6YUvSvIIiYrg7
cqw1cd37@hotmail.com,8VW2nyQVUh7y,zYzAAazdWJPaGjTvQViQJBmZPMSQ91PRXwLjZTd8Pjw8SnMOEk
65asi58t@yahoo.com,gqKlB6cF644f,gnqWZo1UE5QSwmvEJN1bZeLWon6UAK1nurzCiQui56MPFICNpq
p16wj999@outlook.com,7pPsaM4uWTcf,N366zZ1Ih4BaIJ7HLb7HOrlBc1M6SBVlIIcoz0SQEVA4fVJE7z
f94pfiec@hotmail.com,XTPx1WhnvymY,k0Ye9t2fyCq7fpjIJV0b7ofWRTJDrxIx1fmDp84c576PDHiXxu
q9pgv60q@yahoo.com,yshS83HVWpWd,WBI77ryy26whxgI4fvd4Uo0vMpAJZvCjz8m3UqHENXV4O0Q2hD
bpo5wt8c@yahoo.com,dAjPcJVGGZcW,Xdsp7zNfHu7m3Wqxn8UAdFZfcVszApMc6hOSgXAYevJbKtrROB
5fc6e744@yahoo.com,0ZVZN3IdIYFV,F4omtPmnUMdl00uWafVQLqQG4Yz6bpKq6gzDkL0ICpZQPuHyVg
7g4ckbmx@hotmail.com,20EJmoNkvBV6,ZQbsa0OYLPjiUgDVGt43MlIwK7gkZoAvVA78HGKgRFcm5WmSBG
6ypw7w6l@outlook.com,LW4HHlVcbSHd,xUB010mPRFdWBwu2m0dVUwM7IaHP3OEXA8uTxhSoKktgXLgRm6
crgge8e1@proton.me,P2QnfY0ImRFS,FsnSf1HFlfXfsuUUOk6j7j7QtATFZBkLUZaXkVaj6dyMEz3lM6
7pgb89a4@gmail.com,iH7c1kwGz08I,4HSJisF7SmiKxWgOkAkRTfcwp4JFKheMHd8Nm7sPlZbEWSOZVw
zgxbys6k@outlook.com,GqaCFcwt6hW4,G4DZ7mjkzS6OlQotTWCk3ixnKGQa7sSV4kyRnFRqYVVP7PQsxk
cjztjol2@outlook.com,0LNOHJT84PcO,oprJrOIPBNNeVlnKaFBEcdeDkOkilmp7Prii7cio58pap4gaMR
ca3ap707@yahoo.com,H9GbD3uAJZMD,lYGNDU0lLhfpJsy6wp5gm5eoSQkVuMi1YyIs4SRH8YGD84CVaV
47dfzgl9@hotmail.com,HXLRNO5EyBT8,5qv5qtOWo0QD4ZvFr96aX2DZJg52jYfI5yUQ6j4ackV0d5B7sI
azxrjsk7@gmail.com,4KYr19AXxdxC,OCrYMb03XWtns5ag20hK58r284DacapIIn1H5nfTrloVb9nxxy
i8c6et5x@hotmail.com,qWXD646K04u4,bpz2sSVbPZQ5WpwOcWQvmQDUnBrH7Wc79Vr27gzJkUHsIkAfi4
af33i3fk@outlook.com,wKDHh6kOQjZP,6e6rFFZm4TBuj2klNoe8cMnfOUx2J4J7zKduDolwqAFOfZkT7y
4bztsru5@proton.me,ATxUTyn5X9sQ,DuXpRSKmXAI949KKzvFXPUnu7nwQ3Rv2RHDgpp2yZrIQi7rX68
75ymutfx@outlook.com,6vjumcltCzzi,gq4buSE3VwUjH6uBOda2OXDVlyGhiUTUKVGlFdy8z59tW5dvrr
09l0nsgm@hotmail.com,SBFSwVj1ZmDx,9MQrieV9ZG4BV8XAREGqwpRuy4r18JuNTAeX4iEbA2tUx4VN7L
id0w4yer@hotmail.com,IZif6J4sb9ZT,Elksha1qzih8e35EaQdWBtjnOY9bo30yxMfLYE1fz9SCTDAL2o
7x9u0vkv@proton.me,jY8E3eMNfaYr,HxViFQ24T5Rgm174pmaEqbKBT4uLh2fJv5LANqZ8J4erfgGp3o
v17yzahu@gmail.com,HJN29Xylx1cM,oshrgl6Fje9I76p8nKZ0zLo5PtXJNgUBQTNANzritEIzgaHuxd
59197v95@yahoo.com,ie2QYfopvVGu,o56gPuCwdY5kVZ99e6MAfsn7HTu7sxl3nMuLEuu2BIaMXmvtfl
2n223cvj@yahoo.com,zUcbewSEMhSt,1zMoE9VUBkqmKDpEIqPNARMPlbEZfYKao9R9oN4cEmtdULLRzT
r1nzo0xn@proton.me,qOhGdrWzvlnB,YRXQKU8RCSWAP7rB74aanu20Kgjk1SDSs4B0kVNxZWWzYLUxhO
pxf4smbf@proton.me,VJEEYAZtIaW9,mjBUpeGVlQPyjoPG5LineDUhTw8BnLINTYzeFQAHO1u9nLE5Sz
lreg7gbh@proton.me,xpH490ub0rOw,TdAFPEwcj4ANucEkEigVuIYamykq1vDLsFMbSPwerAKyZYYtld
4pc2v55c@proton.me,keW4LsJwPWhh,1c97FtGkBFuHCCZeg6ydlrRKzb83XvnLrVuXPO2gwPypgK02Rh
75wixnvo@hotmail.com,xLtrw8NL2LbT,3gbKpHhqU2lrRTzSqwDqswin5S82VKQjuZdOEj08H7tDAzBYUa
qh010jl0@gmail.com,eI5gArOflII4,30ab3SoYuWY0WphoSmvKTi0uwENiHSaXmgrjye5W7dNwuoaK8T
z7qy8xup@proton.me,FN4z3I2BdiwD,R71jvqeVHpNRZobTpb7yXagH487Y2pc1zR0oQfw8ltw2UR67MI
r2ld2abb@proton.me,DUE7KB4rPaWl,L04muUt3mzuOvndkqalsptsWFhIfODeYeRyKjoDVW1QHMhpoJE
j9kz3y0h@hotmail.com,e4QI6g6hdIO8,c3zrl6a8X188ER0Aeezwz7Co01OZ9RatwPnRpiU7Ki1gIr5tRL
3a8r488a@yahoo.com,Eh6Ci2PzgRDx,onahQisxrlKs6tdrroFsM8poJ4ySFpy3uhvneKMyhmeE3rFyAC
oqtvpt2b@yahoo.com,oAOfjas3RnBo,kaaR8cMYBbKjfN4uG6DGE0OkpUwVbhGlqBnikRzilw08UuHxtk
8sm5tt2q@gmail.com,rCpxhfbKmfLq,zcEHawKaN4fVyHzdMQep782a8OTIj31AIrm7SERKXralLRi0UD
zgyndnr7@yahoo.com,j26btvgANxUD,ygr02xp6I7INPhzBbZRxpy6khCHi4iEi6mDKrP57ZFJliCT538
voojof62@outlook.com,gNk4CXNmIB3T,83JYtUs0fEXwOvMxwV0E05R1t8ZqdWaY679dEZHsJED6r4NaZ5
5lhybscl@hotmail.com,gYAlasBoPQs7,lbqAz2i7JZCX94YahfTLc0V4ZVlp2DDEaP5zPghmlnMiu7k3cJ
7jdb14l1@yahoo.com,SycCpu5RUVzA,ahYRgwMjK5cuLPAX7Rdo9HLg9mArgUlbyjHQc9FVLa0eStDu8B
fe82zcxu@hotmail.com,kZvdoBCCc5jM,CJ1TGeWhRL1RoriZ2sS0ZSWj1EC2MIeCLaP1f1pVZqttC7Wws5
lzlqklmb@hotmail.com,rf9P5xFZs7WT,uegQh8bZjAmP58T6ONjrrP7oSV9ZL4jEztRfklYAoEipqQaSnz
743fv1av@outlook.com,uiZMKnCJijNo,s7ogXix4I06TQa7rxnw2PIPoSuyBGLEbiMtkJss9rl0dwGJWk0
5p0tp5ye@hotmail.com,BF0miMOMSChx,VvYkxXUHWHub70WpilDFaJqiinpPIrVePhaiXs5x50jedkY2vs
9695jq7y@hotmail.com,uSncjHCEdgEW,6az9kgIm7KwELL2N4TAlSedwwbsRga7UvU1izYAeTSqrWnhplL
9a6x5zvy@gmail.com,D0VcOtNkNKNs,6tXETs5FCa5CgmfSFRbLc30IQJXMLWqLMT9g85rIrAtS4UWyiO
1hoj3pg7@outlook.com,IloIazDC754Q,Eloxx6A4YdAFJi9x5x3CwVUvK1TsjXwHuVPxmLzhh7cnYssooq
5615orq5@outlook.com,Ksaq1zSz3nSS,pE3HKIokImu4Py9RwURY6tVNwojtRkGznRuP4tNukh7nZB7ERB
0x1wyw24@outlook.com,XNqQUXAi8jDB,UhF8oeLaQdOxCBJg8A4E1GQvkxnwwgpbgnaerDbNWNFiGffy5o
r8e6prvw@gmail.com,lfWslCswswYN,7he9yY0TnNve2HZzPMhLZiBxlxkOBYc6aYXdpHA5lHcLRu0FvB
l4e2lod1@hotmail.com,YNa8FF7SYu3k,rEIaxsb6hV1ZnNm1TONjq51sEMcIj583IfZSLg1EPqtfFszr62
oevcx6hy@hotmail.com,RdiIN6E9VgZh,FBSjGWaHxsbX6sZLQmjhMzpRtCEkixsUhL4KYg0Dz1Dh1y0k6x
yzbs882d@yahoo.com,pJlBj6z92xye,dDgzhIQSODW7M8qYWQgxYkgKiFGOjsVt4Yw53URKw8lxo1hIsS
m679ln63@hotmail.com,XMcpWxyuwRZ9,uarWsGCZtJiVGxmAHFx2EgiQC20K4y5AovDJtFtPmNC03imQM9
ubhenbzn@hotmail.com,XiS26QJ6k9kw,zAzgTnOXNFGNfNSch8Cno1Qa7e2uCwdgNi776DpErymZToyDdx
m318o9xd@proton.me,QFIMRd42PACK,7l4sWz94YKeKVCqNsfbS8RJoWZ6iZCOeN27IGc32yc55XqxzeU
y4vsnfxd@yahoo.com,Mx1Ra3kF8fpd,WSTI5SHcVJfpLdd5Fj4U2lbFvBBYT5mCTLcPuYnFvQNIYO56yL
j98duh8h@gmail.com,RV6jFxDl8Fm1,AGnzdwVLVzoiiDrDlBNuaCLUYJ1FQsHKx9QjJGGU2qr8k1WmxN
k8y5tu27@gmail.com,lhi63Cf8zNU0,u8qsAda5XvmeDLtDBeAWNUFnzia6DgZphiBmphMDqJPWOGzLtO
sg6hrkum@outlook.com,uitIqHBuTmcL,ZpJvpnW1HX3xooLw9vW10Nu28FySz3vvzlxrFaQrbgG4Sm7Xgv
cef6bgxy@hotmail.com,TZ1GSjbP4Wrl,F5MCRP85cujGq2NvNl679LL2CBNLv4sQTpMLi3u7PogCrCxmQ2
w5sryim5@yahoo.com,zehSixDCNo9Q,8qVR83YytESkKVqwfNCj0wDxdnriLEI0MrEiixudYPJSXv0B7L
s1cl2wi0@yahoo.com,0BNFD5UfHVtV,Ph9nnDoq7mtWlrOphj4z1yYwn9aEakzIgEBUOCtUGcUKl1Jwp7
6sfv80f0@hotmail.com,hblXDsg8L1W3,YCDREe3oWhfLPqcWaeBLcex5ZQUes9ooPf7XG7OHveUqypgGhc
djg0vm8q@yahoo.com,S34wGk7U2q2D,WfnYBINtEOwFfdDbpEu2TabAtsFGs21dFa5KNaMBGitrQ0XCIB
fuc70wxv@outlook.com,3NdKCLQ8fjld,F9GuD3m2PIUldomNwqL0EZ1V877ver8J9B72tGq0sEAs0MZl14
oz2x3hkl@gmail.com,bEKrffU8aWnZ,gITAmvbvV1462GiDkz2skn4ksAUYwfe4V5UoV4K7xKJOcpUkFu
lxqvbgy8@yahoo.com,D26g9QEAFP4k,0pGhrQnAA8hduPf9nVP4DPgKv0WvTUQUA4O69SB0qqQZBgmPFA
0i6atskf@yahoo.com,DdVpsaB7q9KX,cBLwEnrG98XrvCZOkpW0qq0P0zu8nJ7micBpUBMC5FDS8hPi7Y
mf3da35y@gmail.com,h8zAsM27GxFU,ng09SCfDRUPW0lP1lXNNTvVgRDAKP1CoOx51FVkAeebAOkAE9N
yosucoal@outlook.com,7RSCRNR8Z5AZ,eAaFGEhFPAgHVgu430ULYMIaG9Yx5eBT8guIPAJDHjR2omZIDj
fjoagwme@gmail.com,vWDgVcktw70f,p5k0h3MTCffvXgJWABWL0IrnPmaxkIK6FFt3a2vB4DT84NcYWf
olfkqtwp@proton.me,OotBfrnoT4PT,YjNzjp7DrhcdIuHtwJ1uPIFrWOTZbBw6yhrJHuiI4F0oZ5ddau
kmyfq8gh@hotmail.com,MLiNnv3zGgiw,eIOB9i39GJ8slqKuwBF4eHFYPnrv2BCLYvDPaZqhyzedGItvoO
ylz1ijzp@proton.me,6zz3sA7sKRsU,kzMv2oSOtljb8uEqIbyTjNj45Kz7I73SGJcJ8zobgJFJpLOuKO
0fs8etg3@proton.me,sNE7LsFKNj6C,LKyHZcHxfllaC7KSqIHeLdAYVQPlNzMfte9Y7gUDiU3vNCgQdL
l1t45scx@outlook.com,nC5UX9qFkZwE,ud2MkubjUptAhGFOF0ICXU0NvT8vuKUFeI2d3Uhms3o3s9p6P9
ft5nmfyc@hotmail.com,vJeMzO3K2jqM,E6SmAJOEpHkJycx5VDhrPCxs1z6k2phuY69AeuFXUE6a7IRuFh
o9nzmdos@outlook.com,FYuIOrHvB0FS,9r39i3PiYCl3m116uB395l7dR9KHAXu9XC7LIjfupiuitUDEMY
q7upmbdw@gmail.com,xtLL4e8BjWig,zkAYIsW7SHSkayAX4hNUTWEL1CWY3pdlqiaEddrjkvy9zf3nbS
mhgzf8bk@outlook.com,N3QYCUQfg96u,9TXDNscRNazqkGTPTSXvqBrnLBwonWeY3GYO24RhajecqY8URF
czusjpjm@gmail.com,giJYsv0bfyic,hXVKYppmRPa7ULexpZNCbRazFQigsZgQKiQzWUoxo6NSMFMqCb
yb4bwmo5@yahoo.com,xd9IdVjsQiL6,Z5HCznPQQ4Qky5yRjDyhP4RzQnkg1SuDjnwCcOiQo52KldrRwA
dckyhjvy@proton.me,X7l0U8o8sjDA,3sNvXqvYfa3FAsbHgwYqxSe9bl57dSeM5qY7BWP6iiBCTEn3oQ
ue2hmhby@yahoo.com,ZUtLLzuss0Iq,zMtg4CBdlQyHuHgF7wYRi2Vb3Guy8PpbjQYJ7ypYCaxvh4ZwiQ
uz596l62@gmail.com,PH3JGyBW20fW,fxfXj8gtGIsiFGiczd1E3j5ERQSfRRymhGvRYun877bXH8Gj4x
95aat56a@hotmail.com,TveGRPB5rrr8,Jxz2X3Wu8S97wloe86DQtCNnAzfX92hMmGDVKv0pumtQorJem2
nkq0zltt@proton.me,6WQXomcU1HWj,LOc0IpLIUcGbmlj5LQdUm4bhTqyc22UEa5GLiCdxU8E1yW4w5n
inpj1nlh@proton.me,dhBsyU2j2hfP,qRNHnogXaFpVDrQdpDlSUY3qOql6ATM5vbOvl6TtlmU4nDuy4N
sdj246aj@yahoo.com,wruZuuuZLIoZ,D3jM17sEPJQ7vof2FWQHho60xuoHDpnFZEFvIwja5rOkr81wEb
eaputu46@proton.me,fMMUyGKd6BKZ,xrAHcWlu3DofxkqmDwcCwfx4d5P7UPYMUpRcydoMhsPY4xkZZY
0h3ugepe@outlook.com,XTvH3NxudqTb,AKRksvQQ0S76yNLmCezobeBui39E9SIH4XUdqyoTJyh6uhpOtL
ikbscj8q@yahoo.com,gcrLxb3aHKVA,4IrNwuBYbSv4Y7OsLaZehnfuewG6WnuXXatqIsbuw1BN3zI81T
q6eot1sj@gmail.com,iT7p973XIYag,eu11So4rSNpSdbT2ycr6oWVchtwOUbzf4c5tzn2SLYZ9ECFmcN
poox6kbl@outlook.com,7cc4CGGabL5Z,4RMX5zcVjz2e90uzJGC5to5c2tJhXcUZLtjfzu4WJdleqEwY5N
esnyhzsr@gmail.com,Fe33ZAK2D8Fc,gOywUuc5u3QZQRiIQhqe7W8LqzbFuHkki4U1q9ZcAHH6wXDQbc
wh9aqjql@proton.me,nxx7iDXVgRcI,Zf2Ady3DjQgADuT2u3kOiaGbnQdZppIamOX5CqEoieYuX0v5y2
487bg2ef@hotmail.com,3qmmprTrZE2p,OkcyciwKo6o7alR44gOwCZvycZyGHelYFUSKhzFKfbf5ji8zxe
cbkjxfrm@yahoo.com,lVlrmrcnGL5c,cYkVWW8sQA7CLV69v6jqseuDi17e1eHNUXqGzA3wZQrPZxjJlG
nr4jjylw@outlook.com,Qw1aqUlhHafp,dA1Avz0cyGahSgpJokSg4FsOJLD6wenDGKmgo7R8KcDkhTjGJp
xkb7bnkb@outlook.com,pntXUxFTfCvN,q4Kkk6Cr3exfPRAXz55HM7dOw1LGS4yNVSKQB0qrS7yzQIm3Tj
77hu6690@yahoo.com,SwG6xtXe1hnJ,7TUJ4mEkK0Pui17fP1sRHBVA0D2IO9AIbAskLRdch13qA4ZjcX
q54ow13c@yahoo.com,86AbbpziOkSQ,WEf2XZ8vGV8qK6BUruidFP1cZORkTx5T2dPzMQLddkYv4pVJCK
9u4h1ek6@outlook.com,bUrbW0xRimR4,DkKsPq4imGRDrjieEaqp2W58rsmfDFrF8UhRUqhvRkc3iymf5F
hcb9vh7s@gmail.com,coqHfTpLVLE0,OoV6WwbRMBlhZ9gmikc0EShWcyF3VEU4FPvHdpAgcjhpI2KUlL
wbk71imp@hotmail.com,1VhFFy28o1qB,Uw2Zdq5GY3Xf0bpNShW7Jeg27Gm9zcuLJBvFc9Iz8aD3TKCmd3
kk4atbyz@yahoo.com,0ENbBNwYmEnv,duekedTxMpoW3AqiatPjkl3OuKS5OkQ2jLLvdI0B0YL1ywv7zd
ie0n5g9a@hotmail.com,pMVmxMYuIvk1,l8F3QTsMJe2GuNWk6WLXbfPuoBw8koa1tHe60tB9Ur2mzRQXG2
m3c00qjc@outlook.com,UFjmvMoBl7vX,wCtke3yXJm4fQ6Rh48N1MTpWlXziYvbVia2hgLTMeqqLZHGaOC
kpd45jwu@yahoo.com,uMZP2HKvLaTG,xoOUktS3oCe1ZvNFPa9Nd102GFcVY2FqI2pT3mEowXeTgR1R4o
kw0jt11e@hotmail.com,8XPoXJfW8DbR,3CRAfwF7DAzsTzNMhs2cPfzx2uI9va34FzWO89tF6U5pJlfLbc
j98c8wwq@outlook.com,cBYfIKRXpxSg,bV0F9LQj55MfFbbR3TjBLXsmX591oFMVE1Buzg0Aw3DVm5OccR
h30j03r8@proton.me,Z3lbJzc8NC5j,tRSO0ai12Er3g7jQC7N4wq6A4nXT8miBOUjI5aKW9qOEbbGFVx
9owiz1cs@proton.me,MtIiEFEOaHg8,iA9GXIJV9cebSwrviKSFNRIKhYECBaC88buTUFgkgRnhsIzcCC
paluwt44@gmail.com,hGhi9phWRaBs,H5gnaTv0QKooac5BgI7CjTvA5euxxMJvmoprz5gU5eYl6WTFGC
i0j1atba@hotmail.com,S5TuA0LHao0A,15YRUiD2IORwt4rFshIVS2f0RmT1pTX21Ig1g3nSedusBymJPW
ut8rn9cd@proton.me,bj5BMlHhSEBE,923qODOJEXev5nns2robyXHIZ3fvLaWlyeZlpO4OdiCbHF16ra
d25ii5r8@gmail.com,RTtrIDW726hZ,cOA5OcKWxFR2A1YSvR4WHfCa2C6JygWxcnY7CR8NGJrNRg3eMP
tv16j79d@proton.me,Ed6vS1D0l3YS,jNpEsWBgnskz0frNEAyCzSvQQzHVbiLjYdoqzgqCxBRSjZeTGH
smlojz8w@outlook.com,m6XxOWlpilmZ,958VXsn228OmNotwfIBtoo6eVCq8EybA7EGLL6qmRjP2MfikSb
5dk9nnda@outlook.com,xjqyrzl7tD5t,wv28MEygxfDuw2pTWrOCQpyH6VXr60Q8zPT47NJOeqGNF9p7Lr
ro07lj0t@outlook.com,qiPdXNRrKLSa,zapn5AZpha8Fa9meBpgJiLdUHYqjRP13OWffIak8mIOD0Vc9Tp
h3g4qvkc@yahoo.com,yk8HVbJbtSL5,NIwD2IeMoCy3qezDWrCrnmMeAjzYwEqiGNWR9SV1YOYMTfaDta
fpda5rbp@yahoo.com,LSOOZ2L0S9Hw,hz4WDMXewzAf3epXhgabT5tjwesyHBt9XGr7bIQzpsK2wxZsVL
kfw65cob@gmail.com,Peh6OkCu7kIs,QX5rl5xpDVGnGPVgYrml2wXOegOkD3rInRopIprbNnODfgLoNA
zoz3lucy@proton.me,pbWrLlyryxJw,mDgUnzkiXz1AElbdiWwK6Hcur7bfPLXpOpdQvPlJWmvJEZzAl8
uey4q0qq@gmail.com,DOC4omKYOxZ2,ma5VAXgPUftTZUmC90RNftQQjmLVznXAuNQYFfgW9IccTuzJOp
ozwa3xr0@yahoo.com,7vwmxUdryLT2,ZSoBJI0sJw0OnSWj2RTzNxqhVafdjzxQxUv1zNScvjJWOvbvtI
63oblij0@gmail.com,D0S6sr9rccMe,2KDfYvoVeXQJeo8R1380XZfNrV79bQHf0AFrf3yNIpbg6pgjzE
w1l8b5w4@hotmail.com,TGMV5IeH4NYb,452yUa1jBJ4Ae45I3wm3KKsQVm37oIF3YtHHRjATcEWXVskXiG
h1wimzrn@outlook.com,svfXBZgxyS1u,Jp0VRuPu6srZCMs22ogRg0wS9zdhgV5lrXMPKmeH3gkoDkrOmK
so3x2wq7@proton.me,BUUAgJIQJyVN,DOJj2Z5YAM3koz2tQBnFQRV2CvZpQrDyQ9MwYtPNTmCx1Wo4K3
t5ni4yjh@gmail.com,P9xkKrCkuFzE,rM7sApojyUIOK9y2IqOd4Zlp33i6VF31NE30wQe9rlDlHp6ZkB
rvviy2mp@yahoo.com,MyGRYF3QfOq3,WjkufroiqOLZe1FvI2ITWexIUIYN0SKLrboUoNYz8jUKZb2zOQ
ysf0nn9q@proton.me,gsODVYVbWOAm,KxwqcK1F4n3KOUmfFcUTOFBbR6FH7MabfF8I48tD7o92Zt8bKR
2ut3tnlb@yahoo.com,gm1mErmKl4dF,3Je3oIu9rc34eQNDNRVFioydbghc2f5Fhb9iqc7RlqEWH6eVVM
79xs3kmc@yahoo.com,X7kj7Umds2yV,9Ie79p1NQSUlfce8zJ3S17S9JDfDlKekdWEWGCI3ocBT8JTlMs
xzg4qdck@yahoo.com,b2GmeK8Y9ICd,W8iCy3XAXm9d6Zvm3fVXvPdJBJUMUz1LddY1KxWGK52qtvchCW
pxt782qb@yahoo.com,7hRakVvqcOvR,9qHQHyU3VVtRb6bLpkIdi9dLNN9djBPfAlQtxGThLW1IOzDU3a
z9ss2zrd@proton.me,FFGEGuYmqyQi,EtaGI2tyP9KwhdP1ydi7Pimv4r3noYgS1695LDrAFioJXOsgp0
r5cgijuk@proton.me,nMqUmI0SOTOy,VzA71GNMcj0XvgD2E7w3hhWEFqotnadNGCPJY88Y80dx8ZMtY9
mr3glo70@gmail.com,w23OuD7zridV,K2LCxhOxpm238gk5H6w9falZDMsrpP8oVw93STJOnyTFeGvoCp
450wqqi7@outlook.com,eOz2iHZrGpmp,pmZMFz4hMOkQXTX7IbpFqxsDLXpXGMjcU05S5OqcN2ERG8BQ6E
cosl2y7k@gmail.com,h1LKsgZTaDBs,zKbSRlKHBz4IbVgoyFnYlvOqghgHbqaIVk8vbUYnBK17QfYz2V
airskoic@hotmail.com,N0sAVBnstA3A,SsfQoqu5Rz79JcTZDYWMZuMU5Cj06DkSEuOqScvkwZsyVlYiqa
cmia5skt@hotmail.com,BCr9BsMfgwBp,Nj8nUA6NsvzrYfJNIhF2qnvjGIk9VLQ5MTtAb0xgS7iLgNOAdv
gw14llw3@proton.me,TpfNXcY4WKR5,6UNNLBPVWzoemA4MlWA4kaUPnl7mg1XPzGjUDq2fz3V6q7MWpN
tpy1cq7l@proton.me,Bpo1PWBHZwpb,mjffPW6j6NpCS7ugZDMEGEsAWLSawY1uNHNNSq90BCMx8SvuvR
r64q3tzu@hotmail.com,72sNzU6IAB29,qCjuFzQJOkM1xDateUfeRcFDS09o1zBSVqnoywUhwYoZD4zarx
mcas7gkj@outlook.com,HriOfyWNdhFY,o8hw0yCEszEC1RANi5vhSV8fQLMl9xTnIr2n8fD3J1fIL03FLy
xq3wrn37@hotmail.com,jwQ7R6DdUhqb,dJpqIGgP4xttOctThrRtU9QDmoGcypY418D5tGJyzmMay63r0W
z6jivpn2@gmail.com,MYfSOIKxjosz,mJBCxqBupOTsSyhphS6fueyLXQbumoxJe7gbJZOS3BtWC3wR05
8ftu3j1y@proton.me,Z4LCyW11DjC5,ibL9sP10iR06KsGP78mmJp7wzV5BnN8axE8YSmuohaWty27zj9
sxbg3r7m@yahoo.com,Xi43wGk39RyR,qmFcDzjM6wjjqdAZGBbLJXZtQublP0SkDyiQ04SPQ6G3LngLI9
vb28s2ic@gmail.com,rYO79kX4NNT4,giz8Yz9krOLBSsyD3ceLnkRUrdDuhIGoA25pv8sJ0gLLbtNMYJ
rbd1uos6@outlook.com,rxgzKlccN6WY,x3kcshaPPdPjlMXL7VEJh8GR9z3LULbXC5FvqDoKlbC6Q6SROc
ylt3uscm@yahoo.com,uoYbQOo2ppmE,hD8YmFzWEHA9TFEPZi0atnAqCcQbjiSuVlq1JyNHyxPZJXhELS
nnrv2ec8@gmail.com,RBnODWNoIwwY,bYsKlGTOkcJIwPNlsPmsI6oGDYAaxWUtjM6ufixRUNjDibD2Rf
cplfwfy1@yahoo.com,djOfYrICVge6,GCDjs0KG14oqjggnZ1SbozZvXKO078vG25wJA5zNuKfOhMuGda
kc743w18@gmail.com,hIfqMYzKc9IE,cVpZCgpwPYK1VufcNbLmEaYGFz5bIvBLdZkDdJqs7KBr1sAz50
9vc8xwrm@hotmail.com,LvPK9XBeBPBB,TOOUR8HEjKarJtTVJjV3kCFFkF9wohOcHICyvTnsabhpJ6MByX
tnarme4d@outlook.com,iprPuq2P9Gm6,MPujijGltTgwEmhl97B8u99nfVQ4m02SOAFOzXZy2spEpHEciZ
bvm49g97@gmail.com,bnovPpW42OBL,iglCTED3QPHtSFV6OwOIBYWMi3VvxA6wp7uMrXI87mLf4Jw7qr
jshrl32l@outlook.com,QSpixdmbodlx,AlId4PR1qk0ltbWpAhM7RNlbTEvwFR6ymhNJg42zTYIf3dMNwr
bk1zzlvr@proton.me,m1fHfZjR4R2g,oOKAYPnhsB3wAf7ffT66qC0HiUPLxQmC9MAFAnW9XiSuUKTjTp
z4xt0qs7@gmail.com,xvcHcPY7xjfK,hq0FV4TqKSf9uVQ2fTGUozWzpJHbWFuJEWup5dVz6g107EWUGh
prjzvni0@hotmail.com,SFPXROHNswb2,3bNMaZ085xLTQGtnMP7ybfAMkupCSdHS5sDpwhXXRzKoHW2KHp
ilt8ktrf@outlook.com,YxHuiIat55Fb,uNJGuIMsqb9vCKf1sSNQXSFBcuS6l7LzGxM6Qm30GX1sOrJOss
e5emmymu@proton.me,evaaOrWJdbSh,3GPwTS8wey1sdP1iAhYnPf1IAANOhPXU4is2E8hz6Qg68BhwRn
nevfio45@proton.me,FkFDrStWAjMy,Db190zgGvqYWWGSr1omSt5qc13LErTSVgNO3mEQ1IzAqd4xnta
o0liy5rq@outlook.com,AxRfvcweAJPZ,H9OJWL5RZBJI1pS1mUt1Ce2fme5LzVXGTAVxYSdxXRpax0KjrB
2v2bug33@hotmail.com,I9OvNVIPXdXZ,812IdWZ5KM8nDPdvq59ajKXfJu1LXpETzLSreMiHgBmuKvismC
37cvt3l8@outlook.com,RKvGLygtqt4X,oeusnxDN0i66qHNYt8NIW7qEiIFsJEEPaVwzYm5jShxuywkjFh
42eyxh1n@yahoo.com,Z3qTJ3Z6nnpa,XqsQWU8DcMbRh4vvQIsitf2u3F2wqk44VVN3wmdTZFjdEbJXIt
0jm8ruye@outlook.com,PWbdd8bgaQXV,G1RsSema6c80oRtxD1gY5I7MC444Ud64nazXswl4c6xnovqQpq
s45m0gnh@outlook.com,qxT6hNORBoT7,vLJPPTS5OBwgjikBoxTUeKCgkVfy8zk09x2OKFNdGZwg8j2TlV
gvtqh135@yahoo.com,5rJZpyRUb057,uWNBpLKeTHdWnsvYo2b3MTxZuHyNO30ETiK0YXfnIEKaxM6NMI
ay1j4u8l@gmail.com,s63ENUYnlEC4,ZXJRBmG1DV6cWCljJQ3IkinBNG0buQHZBxbbxmfhka7KSdL1io
9nbq9t32@gmail.com,L0NxcBgbkYAp,1jAhmmh28IvuIcXVuDJZaaA4OXJU20xXn5ZANOsmHGQ1BCp5Gm
j1sg1w0b@proton.me,98hl22AXc0jT,WS8OR2WpxvZO6Hsh9Xd80wHcRxM2MEVfwbOUWZnFzzczvIt820
8dsxqlkv@yahoo.com,5yezXZ340MtN,dh9tMK8pVGty9rtBgtQzR7EuQ6DiDQnhLJW9nI5MtfyH830ETd
2ocz7spf@proton.me,PqUXb9mvsCV1,QoR2Jhj6PW6Yacb5vSscJoxqRTXzws3UVskqcJn95sOqs4XplH
jwowz0xu@proton.me,7i55BMUxvyVx,dWGe7lHl89TRJhhNUAuO499G9tATY7ol9Jx8XMy6cmau8NjsEG
bq55zemt@hotmail.com,rdvWw3Y4U0Qw,3AlTCEkdJY9xI7tFduyCFPn1K0XWupQVhgG7A9YUvwYVI2CtrP
6pqtrih0@hotmail.com,9oXgXS2jFuqz,ZVhkGzNGprC7bDAwNNWbheBi0fQ3cMLIrqc4vPXQwgTl1xgpiA
tikuzea4@outlook.com,wArRgOdIamBu,opOm7ds0hi3o0TEA5FiPNYLaGlOe84PDbIeFuTBwNoDHuK9rlP
c60evrjq@hotmail.com,vdMROeRk917K,nZ48dIocgn9gqOctooH8NWWNuZWgap3a8LO6kvws3H7iJ5s7qX
181kanje@yahoo.com,sLo6qBhqfYWS,gjrKbJCLiOb351vUzDCwRp6wYw10XD4FYudQ8Qs7VCMr4FDEZi
2st7o5mf@hotmail.com,BZuMxkMkuAgn,22H57szVyoT8zFG97oZC8644jaB0dsKWMkqqYn2peS75qP8bhU
lo22a3c6@gmail.com,flGaigKHLpf6,Eb03qMFs1JZBI6Z7WDgciXVc7bPjFVJYC9bhjA4lbsI5BzYEWu
v9xa3g3c@outlook.com,ZB0faC8fws6w,ChgPbL2NPvx68kqoQGMdTXs6yEpVp14cWEq6y8s6P9dx3tI1f6
5ah424ub@hotmail.com,cVyixuwLg9Fd,oc6SZv2qi2zGBdYqV4F4ltH0fJc4ue6eyb2fLLmfkmZGKAfhBN
i1mzw94u@hotmail.com,B6SBstmNMNZM,SphPn98bwusgGrIrCseEeU5Ia1mJ37pnSUJZEfwHSmCDLN0LjG
85uvq4t7@proton.me,WKQJqe9xoZy8,SzLPkWU0cGB9dMMSu8k5ispIHEUJ5eNHiHJRxbybsRQxesVwHQ
yl2zftw9@outlook.com,zslIjXUB3jg2,UMMuqclMIPQF94KyS0ECbBTxYqRCTDaS1JANemOY7cVyreq6Fb
5eelv4j1@outlook.com,1kuv7gSexgKR,pVGUmCzwW9WI5hFbaEaC6BljqRihKefr42jnma07OkEgMqWCoL
rajj04km@gmail.com,cg8VrgsXJfnk,OJ7gRSaiM9K0BAsMiOMB05BOVHOWPhQE0hPtW3Hb3vLTAYRJzT
66bppabm@yahoo.com,1NezlePGtZ7i,Bi1xZteJ6pa77Kqr5gO3J4REzWDBKyrF9B2qO4o4EHtOi46cyg
ny2pb2dl@proton.me,iqIXXUaqBacf,ZnB9xss43hmOQfE0s5iO9iAENzqYTXwiyANDeVazaLvFPxKvpi
m27e9ijt@gmail.com,nytF2q3J8Wca,HIW57Xrydo9gvZrgQVXgwPkeEbJz47UBac3JdrVp5y6RCOTGRA
8nbvtr6o@gmail.com,UsKZVnvFe7Gn,SOo7iyRtesFBPRsVQKZ19yehEorplLlWa5xN8zn2K4VGPmlmwq
gx116i3t@yahoo.com,nWZ7x7SlxJHq,6eBljy9gumKV9YJTILCRwFAoHDyxqxLLkSzaIR2HN9kV9fsxS9
keynu94v@gmail.com,k11T8wZW9bVk,blrqEjcJSK3KhTVSFk4BrNK02CjkWfEmtTwcBwyT2Jj4Xbi0aB
frdiukxj@outlook.com,IaAMPAufUZjF,sRvt5qga8QtWnKaVWF9sJCygHFPMp000BkvgYLBEKtpJhyTPci
6ane48ix@hotmail.com,NkO8bCnhm66H,ruomkOjLTAOqxT13mMja8Dacmgj7DHI37yka6rKXLfYaJ9qMiO
bbghjbdw@yahoo.com,niC8dnUz8LF0,zXBygIXw6FbokNSPfszV67IcjNeAHThqQmQzq0G88oBvH9LzsL
myn0774l@outlook.com,1zrgdEv1ZTgN,m7t9bE7wXcEi1mi6ComWsElhx2Jh0ljLLfxLKv1rSEqg4JfLKa
03jojfy6@yahoo.com,DPPhfNGPR3qC,2q4rgQn7vl2cXHS79wSk1AbuETduM02KePnRg9QtMW3ftvxokv
q20b15nx@yahoo.com,833PoS3qAnRp,O4gzVwKnkw6TJzrQ4WGlgKMOlVgOi2aix5BRiYrHDnP1VSUqIB
u2y6xnv5@outlook.com,vPGt7DIiX9w2,Lh5bnSD5WFfV24F4S3MTtEBNBpJN0ZU1YE9ox0IEch3oT2UG27
r7x9lfwv@yahoo.com,hFtynF5e7QnP,826i8e7yHgAa4INSZaeqMQ0MEZXxsU7kbfsOntrgMFRD2G3PYC
i8vfnzh0@hotmail.com,HN7mNLKuX3f7,xllwXPzdUDq0SAdiiV0SO0jdnfh4eAnHI68JuSWR19f95XXuEc
dn9wnvvj@proton.me,ayOPXrNwq1jQ,7zZwQK0d8npHjJshWgSyuk5mbHUXqbdxMkSPe6ObVLFKzzNMGn
itqm8lnv@gmail.com,WXuD1hZ62NKd,xcLGeOzPlINb5Zfe026AGcaaMcFurlvknneLGt5MnGeoGkVIAR
qplj3ncf@gmail.com,3lXZWl0DE6NJ,Hnb20Z5OkcS4fwE14qWcSEjSQT62Ny6casQUpjdCTs4WEPaeqK
bm9mbtfq@outlook.com,CapThln7xgvi,TtGLgwJAvpGA3ooyonlF12K4kblxpg4fCVXGrMvhfpMMMjBQhP
hdstb8nz@outlook.com,nbc2BJ1PG89q,7YzlKrsDYHO4AIKf08lhetoDUiJy0Nb7dDPrBqQ3G9lM4l4qmN
4x4gzkpi@proton.me,AGvpTTq17m42,dLgaTN4XPfD0Giy0j2unF2TLquTSnqMinFSIbpnI7Ci70Ua9IZ
xxtk6pdo@gmail.com,22eJ0mqOmvQY,89cE0yiSmGk6a9icE06JmZrMHk87lPVc4r9YyQvS6bI6pONg7p
vt5clie4@hotmail.com,Z6COk0VRfDoD,VUKAMLJtB3RitLyLSP7wps6Ni3eg0cPodsp9xs99YfJHF5Nffo
h574zjdo@gmail.com,e3achXwtNy2o,qR5nPHJEXkRFT3OY0HBGZmwzVNETnP4jGtJCX1e1hlaSDl8j89
h336oxj5@gmail.com,5uSmkUCHHenM,MfzfuQ5hCgh40z0XUxjDt6bqGOSxBQCkI7AoPYy5MFAgOxKF6Z
iusep72w@hotmail.com,oYXCFd1EZdOC,DWXHsZ4CRdyBuK0OmhJ6hLxmQAMFSYMzNIpOfH8F98gbaz4EDt
81tg2k6e@hotmail.com,yDSCmp9tHZRg,0o5t65r1CCqk3LQGxNuVTI0QiYTVzfDHGupRIrAnaZOuKQybrJ
q3eakise@yahoo.com,TqnkAPXp8Zze,EYSQqPSeVA3kZtEe1IkCBzTjI1V7NMPFSzXcCteqS09ZCYrWmh
o1qm0ws0@gmail.com,jpjxnmqrgRN2,xqBSX0OZNlwOUAs79HgRoX4ltrvwaTBs51sQyQCd6ySAoS0hkV
xpq098tl@hotmail.com,6ShIefxQGJjV,Ve4L72t4Fo9tKGc8nuGapsDywBMHrQSqdndAsmes0E1qMYjML9
36wml4xm@proton.me,q7FCbU1seOkM,QxBess4AVA09Ztg9eP468GcN3j6TZet1iexFuO1pjfV0r29hbL
3aokiu0c@yahoo.com,JDBEOCYFOXYw,eYwwTnayg2pVqzPPft8QILWAfErHvAf279rbrDI34wblB8f4gN
cufhdka7@gmail.com,TG4gD8pDCvYn,aXxMI8VPy0G9bjJTkrKgAMW0H4fPJOjxkf2SrE4o2EzAVy5vAj
88itf0pp@yahoo.com,ekeGbpkVpNK5,79h7UzxgmRp2e2JweGc4Yup8D8l0tzb8ZSEinvupy0QQYMWShm
kysrjcsz@yahoo.com,VqA23ONyUgKc,YNxDv7OqHAWZGZahNppNYVALAS2JL16Zld2Rn3YHx4OVitpe6a
phcwc2v7@outlook.com,LI7ZqeKofmRQ,xAAbatLDknnbcyd9nWU9EcxHq1p3yvMMlqvtEkdgHlpkrwVWq4
p2x94rqn@proton.me,ku45fGc33axs,IFwHOk7rU7vfQq1a3vWbqZsf6e50osPUiC7DZNdatstviUvLYL
vo9kxhy0@proton.me,w9iX0bHdzRPi,zCIx6lHqzHGjBXLJSJvJ51CeNfiLQrX6xcpenYdAZeTmSfPGJM
0ujwkle5@gmail.com,Oe5OwBrTnpVE,pNP3mUTtH6RCLLEpPJeuAvWKN8ljX2IjVZPSB8wkaiW3aVyFYl
ozjg9qpr@outlook.com,qedOiCT4AkVz,cR0jE5lVCnNffc4NPsMt0wXDix3OaPIbAvMNaQaaacAnzvN78k
crlui1gf@gmail.com,7iHMjUAbejat,knedaSlh6Z5NSqS08C9h4wuzDV6AqT9wmfxmetUmeP9Ho9o78B
78alq7yb@yahoo.com,fS5dUJsj23JZ,wc14zTocltz2Ois9QgSXRXBNjb9dW6oxcrgchi3BbxxtKoz1n4
qhyqua2z@proton.me,gqvOKhfGqYSS,v2c8Atu0KHHvyGzYnwN5lj2w511kzPiv3ZzjUmlaYzC7cDqV7O
d468cpmf@yahoo.com,XlZ4bdMH6lhF,Ku4SL025fvx3EnvVxCZHdqACeclXX3DP38mn38jXUpzkkio2Sr
5z7mtl9w@proton.me,axMVNiR2AuM7,PPp1gQUQll8hy19DaPhbiuZjrv4pSrqsE78sjoXiYHbOr1IuQu
k20o0esm@outlook.com,WoOCc2iTgmO5,uejlNr9vJgspBPuNOwbVDnIqSr5qc8TH1jpoH4wmKwqHp45Dtp
ldyysz0k@proton.me,wovEywdEhkmB,msvq2izwM7YBhg5O4PJCoEBhbjYKvT3CqcEmT5dwHNSxS1AKvb
i2u2zk98@yahoo.com,qfrbRBhZrilr,cIW83VzVVhi9up2xuxM6Q6JwoKjkQRhSANHHCEvWR3RKggKM9k
gwm1nsg8@proton.me,EBxslAVoX1yA,toj2ogeCSthcLZnltIbdDHtmtp1JbNTXBKuLLQh3GzF1uUNrSB
e998kwv3@gmail.com,pbLyvbZ29M9W,gBpjtu1jTEr3zjpP0yuZaf2J0Iugt8VJtsalhRXrQAuRkQt1td
w8qd0xdg@hotmail.com,1XbEoSLBavIl,2SRKiNXOZDgriTwWTaxh4B5RBgF775FVKkNfcBP7HCgTDWAa4Q
mfhnsadk@outlook.com,CR2ZvZyE9ySW,ZZEWjXzE2n9AXLHPpHlwqb3g6Z6FNhwUPcXyOsXzAtMbuXND3D
sdaea11u@proton.me,wKPF8VAJxZuu,56Vux4EV8xqkvqzzh7Fueu8AWyjnAohXTinQ3JO2iym5pwSggu
6ke5k81x@outlook.com,69N3KpXIs6Aq,VNZRPSRVYifnTyM59yzBNoKv9kWum7wGsLTPOURYAeMd2GtDsI
hnphnu4z@gmail.com,wLv7lN7Ivcr5,TdHJzbeBuTSbOoFC8d1mtGjGGvr1PESJAOXZu1ABwQvR4XxEcV
ba35rrt7@yahoo.com,LuMqW2FK9o4a,Hltu9CQQ2ewPYGmbZ5JBofGtOkr1KaGpI7wFRMHs5raDZgRDud
3vvksu3c@yahoo.com,SgJqL5WfmJrn,0FZSCm0lZ9tLXiBnZlYkBBLNmHn9fv7MJmewg6AECp91hDVBKz
pv2bdscd@gmail.com,5xtkxG86E9g1,LNkpAnxmQJ5Qg7j1GhaODnf38wXECcwcE03pSVJnE1bDlrHIPB
3o9nfy0a@yahoo.com,ZfZ0NRVgm8Io,9jv49A4RaPJ8Y6lN0GZTlbqFwj5Lp18tHAhe2F7snSMnzDXgki
f4c70wbv@proton.me,8Ni8NsfRG5zb,ofVNBBeJZm2llRvTHaBrda4vrc1fCkTsU0a51TR5e07iNkZ0Rq
mlubqudp@outlook.com,zcKipOuXBZ6u,4gHIi2tArVao8LjXuPxjZUeIMD5W1bnZ4pzhWES59DpE4sEfcF
xtfhxp2k@gmail.com,R6LyYirVfd0O,XYrmKDeUJp4VbiCpORMmxayOOcjfBU0Y0P12w6YD19dho506T9
m3d83jr0@outlook.com,Om8tUJOXCbON,j0YUuUszHO0GjwOqQCwtDzAgTmQbRjmaIAi2uxVFWFdPLAzdVY
4d32nazu@hotmail.com,qaNbUcFDfQsv,8HO4lohYcoEYFj5C2H1rODjLrcOGeIb3NiS1V8tbirwAbqRZY0
a4t8e3le@gmail.com,cRhArotSCUgB,d9be87Zcq0RQ1KEI7vNxI5tyfv2PvLKuYyH8AqyASrlcvI0xFf
4puezw1k@yahoo.com,HfD9gLM1sv0p,LFUrjfIGRyyGEy6xskxfiV7jZX7vniax2dnQpQBZONGzy7QeiL
yu6av518@gmail.com,ncjqaFKbF7jF,x2KIieqS9sSeA0OLmOsNcQYK0IGGcWpFUjzqmr6EgopOaRiInf
5waqkf4t@gmail.com,d5AJvwrLlgrN,hzmhClFKY98LxKPOlzaBVxADox1BoW4wK1e8TbVpRxoIqFEFGd
gahtght6@outlook.com,zGn3HTlKyWMy,PXocvDeuLeSEAJHbF7n0Ijc3nEEh34jJY6svsG9rTRNua4m7Za
mo6zgf0w@gmail.com,qU2jRHINZfvv,h2Ex2g8QNpG3WEPgMbbN9CaGbA6Iye6bdDFMtYAB0gVG2jKmWw
mtb0mzks@yahoo.com,KuzQHqmhPZcW,qvGwF8RxDepg7OnGwBx7DFlJVom2vN3KQ1WEtfAouWyrxyGwsl
i4f1ji3a@hotmail.com,Peehxwm2c5MH,f2SSZ4LvqnaZ4LaOLhEi0wrVlYzACTRUYByLoBAvAX1SnLNYlE
zkwpg92p@gmail.com,Gaq4jXAfu62G,JVBGtvXjDkDHx1bNQfRAjhqbegwrc0iTXJdJvqyf49OddTrhav
z04bxr1w@proton.me,faVJ91vTa30z,U8n5Igrl2cxmdjoEDHlwYBaAZQ1WVkWqNgUkOt3cOgHfu2hQxp
l3z1k0ek@gmail.com,mgfAH8nFezAi,n0djxQ12W7eArPvV34BtriG0SIz4JU6iCxUdbxdj4vSuVfb1wR
x4elk0nj@proton.me,DVXsxtHYlj5d,cdzAN76tPeBvw3oUCLobOW0GsRnbtHKH5YmoygDKfoMc0KSHCw
xam9f5st@yahoo.com,E1KRoM2loCMP,K1P7naqus3kbgRfkWf2t31i753RFnZw8mzSggqhHQVP1cFnqyo
4h5hbgdl@outlook.com,1NhCLDNtoFLc,jdjEW2HQBS7lpcgP9dbJl44MYo5ItVVR8ack1ZnvaKJsQPe1yE
6jcfdbez@hotmail.com,EItlUB9L9cV2,qD1JdnvAHAqyIC4c9GX3nf9LWhfet8DfvOqm3v9uaueIN7hZrE
hqgbwxsi@yahoo.com,91LAAkrkaZsc,C5R6DgiFknOk3DHStZyQakgG9daQoSEG3tGgnRwZ1x8deLMX3J
v6vnngem@outlook.com,4xHjqXhBmZSn,t8UfUDAeBSFQO4ubNxOyjoMiti0HiJLCcQOLYOkCeNVeWoypFt
jl6335kt@proton.me,zsQ2KuZejuIC,O7LdgSIWVDLVDKDC7uEsKZ1arn2NqsRiBLVuUi0ykQ0rRBCaf6
3afpko16@yahoo.com,nLoTVuvLjlL3,wl1ZSjOho04PdN56S8ujLvT9gYdXA2ruQTS4xMuc269AD9Ifg8
503zank9@yahoo.com,KtWaBBp15n0Y,XHiUj1vlksMiZj1fmFdCF9rNg68ifDwW1iodRwMYFhGBKwNifi
kxetm56q@proton.me,WurXLRXL60bZ,pRW3nHgEtDX0k49mdNEf8dRHzjWPDtMlZUxkb6efN5M0GLEd7x
onqk85g4@outlook.com,kbQCLljpnfMC,6A37YDUg8Whq2otnRSCLKrCBaD54P1LpyS5jG0JqykmH0NJ0rH
6j1ze964@hotmail.com,EZ00ExOckdf0,COJRBEZlxxxSHyHGO84D6APV0CPe389toioAjL6ZgERKIsomeo
jikzsmkl@hotmail.com,SQ7ZJalml7fN,w16nAJUEdPza1CNHvWK5K9hX4RfQMqvNWG7EHkOX8UiGLN1sC8
mzfym7q0@gmail.com,dN6ApZUuwaN2,t59AaujMs9NylsI1ggbOIYy15r7kr0NxQhfIkYFgU06KXPNSlO
z95y2tid@outlook.com,gq5QbQph6YK7,dMwYceEz5KQCaVRoPvF2ojF38FAl70cGUa3yga7dfuSdgaowmu
mm4pzolt@proton.me,Ud61pl1q4qQa,dcBI1PfsPtTqwnIKI6Bm8ARQ9qTJpRC5epsRHGP3FGsxFw4gAb
y4qybfq3@outlook.com,Tyv86gtqbXQM,7MlAzVpi2ip1CHlMDPJNnMGWsWbB4tfPTxUsRVbBfz5kOJlgbr
dmg9rrp1@gmail.com,GNQOePD4bk8I,vOrX7oHiUZroWd0sIrFflzlYxvQs9CDjW41j0StS3QCpR9z288
jeyry4dc@hotmail.com,b8qGuqcmvlG8,yXh6x2Qad4sJIcFYgPgfPR7n7zElPagYFpC8xgpUC2Czc8OQLY
4s4piple@gmail.com,wTflCmvp2R1q,8yda7ET2et2ImXEE5h0T2Bf6tTA9OTZiQZvHJhevRGdMjftMTQ
dhczr456@yahoo.com,SajLMp7TbsWJ,KcSvXDhwqFaRkxl9ObfhQNxsebJZ6bdfnB8ocsv8kTvblCApP3
a5q5uowi@gmail.com,p4CIEpRrDO0J,OsApa283rMtiho0Be1MH7gcANRLNEHPVcfObdZwUGrDc1Utufc
k17k1qnz@gmail.com,bR2vXNd2Ecyt,JtYtBJL2T5P9naV5x9v3fRnnLxdRvi3O7PTANhm4lyBuq1Ky14
ns9qi3bh@outlook.com,cTxoWb4PujpZ,mVeIR34lHEd3YGmcpKKfrlUxB6TJ1JFevu3toQ9n6Q7a6d8FHR
fftgp068@proton.me,24ZMsIXuFxGG,gJoVlc4LxhV82m3vinz8AFgT2APH2WCVQZK87YypNOGcYPTO9x
q3ixd415@hotmail.com,CHPb1f7Poguo,ozVBf08ZLwt02FgqJWN62fN1JdWbmjuCd2Rpq4XbvzwxCTSBgD
i2uruc9k@outlook.com,tv2q1oWyZgit,2uZ9QUioIONFcQD846zng7ScjKbWlWHHgADoyIPTjFoBSOBbRc
fwgno0l2@hotmail.com,jkTgn8FUKN14,9YSoygt5xrg3l70qp1J8uMjhBkdwKZ4WPUsiInwWyBHJLc8wFM
86qjmxom@yahoo.com,g5TuZr3OmkaF,eqe5dV2CsxL2B1jt0RWTSCSGelminnVa0gOiaaTaehAs1fwybS
0xwr5zeb@hotmail.com,9uAcDzvFGtML,j3cnFzOpsT6cY8nHV0atqvflnzyxsACBpHLftJv0majSYPt3ij
tpkq68lq@proton.me,VWQfLHf3T22g,d3wzo50aWHN4yrHil1RvRZnceVQT5iUjQ4KhwYLozXlyueRXSw
i71qeltf@hotmail.com,5BnQbB9GauDl,5JVzNDghq6ilmzo4UbQaMuh8YcXMOhSNdlLzW8u1AFozk3jjH6
kpsck157@yahoo.com,ON5EnlfvghHz,nJt2XbLeXRAbQ6Tnqb66bTpkLw40O4vxFnC11MqGDMROkDO1SV
zx1hobvl@outlook.com,6q72bSjCR3y2,XqcR6axGIhfli5HRb5cSmCXCBGajetbznX8qPsVgbHCgDlCNei
0jr4myz1@hotmail.com,WcEVObI5FSbH,GpW31eHm8uc7g2lMg4h3D2tz8gz6SZhQ1XXHsAOVz9qkyVZMDw
jkmo3om8@gmail.com,woSGDH7B86n6,7ftYEnPJebvdhlyhQJjRTIBmcLj6hUbF79DL7Q4JXAGRKeT2Ti
0vtbbawv@proton.me,pANRr6iQHMze,UiONfxKOJndudc5XQQgtYosFZWo3C1VeJ0uWv0tK1YvOmau8z1
3ha87czj@gmail.com,XxhOIvTeeXmo,DoPKszYOAooyjfYh4te7Itxnev0NxOA1ibM2tot7c8Z3vpzhAU
thhnjmqs@yahoo.com,LUsqzfOItLRU,AAKrnmxVMrCnX2nHPYgTpNvY0sjlbFEFWlYn3H8xqc9d942Egf
ldpxndsr@gmail.com,P4d7VzJoQcSf,uzvN0H2Gy3Tc8IrSoQEDoQG9cbnLoGQ4vZGRlxYwFcrm9H1NPK
60qgetc5@outlook.com,9XbJYqAdD3nN,vxm84kPcZuBNs9QWmehqgYwxle3A7m1whxq26yoT6gJkkFtOUu
0zb56u1l@gmail.com,pKkDHg8ia879,kJBLNxxBNfYMFIUibdSl7MbxdjRkVbOhbKOTeD8Fx640JR2uDP
vh0l1qja@yahoo.com,hyL2SrwKpATt,kgqMARdK58IjrWKQxUkm8YiEfmbKTfU8eCyOOkk9JD7DHfwFBo
ptdte3ao@outlook.com,pwyYIFBdJhaP,12jeVrCDey2V1Gxtx3jtsaNV8vNNr0dFaFnQQ6af4VWsUIWooz
ga3v2gxt@outlook.com,EFvoVEAfnEFe,Ao5uNxbJYIJnjUrhUTOfstftwM2KDfA22bFJg1pEVhRVpqHaBC
r6f6ooem@yahoo.com,DJ7fWytJLh7b,wJs9tz5SnIfBKW2QxcrPBo2BLV2fMtcOma2qQITWVEnkvgWqa6
gyjehnsb@hotmail.com,E25QGEmA1487,pYCjEtmpkyqboH0AbUVJkJk6GM59LuQNG6BtzsWdCVQM5INE9A
j6w3nt00@proton.me,hk5vYoxB7hgf,cPRQLQ3CZ8Rm3jJJvdihER2fb2QHcgmjjQenNZ4FcbL638FJB6
19udq7el@hotmail.com,L4QozPDfU29f,0ktu6iw0aO9thH8bW4oPjNmGfDetg4atssUbT74mqtdFAGZFSo
nmcl6caz@proton.me,nD3do8v7kZd0,lVBBNUd8n2SyClzeRKdFEGiDAiHGdMeb0Tw8ODU9NO8H7RXM1H
34qb7mu0@proton.me,800Knd9R2tGx,OXHfjA9B2CkUJ8dsFNZfv8aV3rBfYgXWQytzV9VXmmYBnKZjLI
nq7e16g6@outlook.com,xDZB1VfGL6Is,IJzTzXOg0YawJHUmLobN3If2bvSDNHoecuOEp0fu7wbjmTcl6H
76grhawv@proton.me,jmZBXyHLtmmv,FerFYla2yvJcudSa43SnotUbb5RjNjZ8YXYIxlAywGnElhWms1
xeedhngu@gmail.com,2kO5Ph91jkzG,VxF87ZbD9vR074LIoXNVXDrHLJSROw6SkBMR6z5I7Ctfj4kcAs
n8g1z1nf@hotmail.com,ZWviXs3PE47q,FRxudFIJExoGqauDIFeDfMkqTKOmLMbwfiXJC6cScBFjmfHJWw
i0q6hjqq@outlook.com,Rcx687PWMIUL,YHafyAMJuKPjjaoZyvPej7HaVsWOXCV8GGwsYUKAeyab1IjNs7
yer4y598@gmail.com,VAqnDgeIEdKF,IETj1MUep0Fbgp6WaPaqLUo4HQBUlUbBLRWsh2VBZVzUJXHxvf
qpb3f6wm@gmail.com,AairQ3MfsHHx,b8bkjFqoowSwMax6khW7EYGIS3shH3xdenVTsNrnA2j52g1Rd7
na2bc9wx@outlook.com,vflCVeAOlcQU,4oER6y2jS5hXX81bST4lFtujWzjhFAdCebdxltZ4qYJEz5QrVf
kpmr80ka@hotmail.com,vSUGWFfE3kmz,hOLywowGMMIOyg0NVCzIsLpGhzsM9esSaXoGGQfLmZuUZsIGea
6yd3dv4z@gmail.com,cK7OXj1sWuf2,IcoQfIK2oMc4e34TUQQJd5JPEJSqFutYzrbxclNociyjED6DGJ
okyrnm3v@proton.me,tP0P0Mk4tKE3,gawCXsZfZkErqQqL3npIhAyzlmPb9Gi0pn05MEdguJaybxAEF3
u4ozw30j@gmail.com,Bgfr9diOWuAh,Qx9A9otsLCvgDftaawaNvWbTMuVt94iTPsEBkS9xNx3uWWOWuv
aq7mpn92@yahoo.com,MjzIK044o2LS,Anf8GyDc5vXQPSPAWrV3MDoqVfPt5uKhIGJ6ZI52AkvOfjOuNY
qo77q23j@hotmail.com,2d9zqP0jZtq0,oRFjFEfY7LZmIvaYg1UsMvcjvBkosab5vcSKe5klQc5MS7OWKg
gbbmmcdc@proton.me,SoxNIXteYofn,Muyv4ZniduY6g4Nzv37Q9w0UOkP4GWyRsFYl6CtYHxNHRPngfj
kzqts2c6@proton.me,luYC9a6RnKu3,4LMaIcviqam9YFv5rEzLX1U7hKIc5OJefVO3iQSbyi9XSQ6nmQ
kdjjxi1b@gmail.com,OIhX4ujeH6Iu,mDOCoEisRYl5G4pljPBuZdJDQoK5WbcbvQFq8sRG8a02zlI2bR
gvt3f83u@hotmail.com,BcpFG7keQDxb,agV7n7rnrZbvbzX7Pg9X6vEYRpVO4RWTVtAbqU7ApNQdF18qSE
apko0pbd@proton.me,uIxvrcsxBmaH,83ctlhFRYRCEv4dXcRzjX8bMMfvp8KrpPLSRNenjznZOmhLU6G
4esr4ps6@outlook.com,0NXuUHKCRJtz,XmizInEBrRJO4E7Ql3a4LEFHKZHhTQX66IywxwatrFJcFUeolb
2b5nivtp@proton.me,Qu5Kgo97UWxH,mXGhZtbcMgNAQTKvvMMMZOyvLFWXeEabrMT1h2pTpYI3xRXjqk
g2wfhnz3@outlook.com,EHEIuUaE19RC,kUWrycfkMQMBzNehApWz8vqKjO4BVgGkraikEUFwn5Aj39oQL9
n1o7v16q@gmail.com,WafTjIm5IpWu,hI7Scpyf57erB9qUALwUb7yAhsXfWPxR1h3w8XrMEVSrsqDlS8
bdwzcxzk@gmail.com,9qlqCNPxAzF0,T3fNgq840YWz4uhJmZL3KHBcmXuvjcYu2UsQKgSHnY6bQ1bEqy
pj734n2w@gmail.com,23pFdxGZGTtw,3oeygT00QLbTSiV3FIHFy1VHO8lqRNrwhKYGWYN1HBbdNK80u9
1ywsskv7@outlook.com,J9hCmRsoWuHY,AyhocdwkI1S1YJWofHLpcVtD0zEeUnYScwqS86tyTmDVqvbAP7
n7ep8hvv@gmail.com,aVqSVQR57ERt,9MQPY0t0IRPctGffUVnulY9naVw0NgWyxjiuFSud1x4UzFWheV
xuhh0tzd@hotmail.com,8LILZPQvv6Is,GaiUmNQ2se9j9JfXb6Vsk2XExi0hknHPCy4aGPRyr9bQZTwWQc
kl00kcfm@outlook.com,9FjMe7RCUOCH,e6TJ5vMaVbmqneYKJsknYsYs4pmlBooR4sKGKXDLaAh8Cf3mrF
bxjmy4dt@proton.me,spUpEYoBXaCO,MBg2GX6Sq3G39PFbk4sAE9A0mnjDRqHzsJSni0BPY2aCZBl6CL
piadui4p@gmail.com,ZzCmESjE3MGr,lPS6sidAcx74g3E0dbLLBkkzNUntfpIWqcEu6d9saoX6npdmwl
tzk4n87m@outlook.com,53IfBnGLiSVd,t9yWDmrDUO8aZIhntGlCQouD3Jl2oX4WfYc5crkPbrl5HUkN9J
lkdjx53s@gmail.com,AIaJ5eYaf4rC,8AXato3EwPACfBYQmuZbBHxXOumSIyHPhszfc24N8z6wm5r3TU
9m2b0xu0@gmail.com,xCHtY5AxyDMU,t2vWq0GV0k3MT95bObCRPdfDUMCwllVCg9AzsIGXoP1UBBATNF
dlkbnnf6@gmail.com,ygOih8x9RNKb,YV1feiBmYGBVGkTvOzfAfFPn9Gyav8cgiyKv1K27ntcqEBM58v
wkaa38xo@proton.me,vOP1GGqp1AA3,ZAWs2lZIOxd0UJNDMgPI5vETsKEtMDyfStTbya3HxPIc5nyL1x
svwpzy53@gmail.com,r8GVRp7gjC0V,bkrn7Tlaf4CVqnEX1ixxRT2F8UIrOR0iLnkKs7xHPS6HyRn7ea
8h8m3xe9@outlook.com,KBjJ2jwHUP49,rtYyBz4ghBGvoKV0CeanOdrBaA2FlCAuL0etMV34VOe2YwRYyp
q3orkcdm@yahoo.com,3WOhYEVc9hjv,Hw1sqAmzjh4OhkxLRb6c6xBJTVKRRlzYsLNM1Bfu6BPwEfpLsG
643dxphy@gmail.com,jGkevlDnJGDF,kxRMzOsPBaODKEKNuqmyXHgoHx2sCObhexXWwHjMkGCMc87hR2
4ozvc900@yahoo.com,uZQfcOlmROhN,trTMouoOT8CS9No9dKtSYCkNnhfSxTVHZmSvAtm2pqwHLq298m
uftstk71@proton.me,lQBmeH6jH5Pd,VNTp1EUZFnPU9LhoWSQZJJRH65vCo7QhdVxousRwpUPtKps35n
7ybyvn3t@gmail.com,xiG9zJS2WvWt,eCtLpmtafXCakEmH6cCzJ0i5Q9JB1Yeyy4eK3ovhb5crXYaS8z
61oum5al@hotmail.com,P567xEAasxSi,hmntkuyQhYrBZqqbYmYaf4Sck740rYXox4g5heODTK2PU1LIAw
gbe9jyqx@yahoo.com,5B1DwmOMAP0B,Rau2yPJnP4i4o0Z7yJItsvnhUskill6r2ffxB4IW7WTy9c8OzY
zu80tgfo@yahoo.com,AgBWOQGtRCSh,HjyRIHMaHL7uaBfoj2r1ocYBbnHQaPvz5BdGlzEniFIxP5o3CK
yrif5j4c@gmail.com,O2c5MBGheebw,KJgjuZsveFiCOOf9GZ39aXvAGIPubs62qaheAMSqz5aKcDTxfB
illkfbby@yahoo.com,kAr3aoXSLsdH,zIlxSfyTmFflzLpdPy6mAxjiK0tCF4gfXmhZiTufzjaWyIZrmC
q0pew9w9@gmail.com,bpQU7FMAxBEf,BTBFSCIze56hS14UhopT7zP9ZNMncPNThxoxhdkdLCiGI6dPSM
0y820yjk@yahoo.com,sD3At3gz5yc8,kKH19RzeXSmcasp8z8ylG3ZEQMCBmUuphDhbaiF3r0pXpFD5sp
86jnw7ql@yahoo.com,R9ALz1SSqORu,miPzRGXdcgGjN6CfjyXL6xDBOdOYX8wBTTc2iHQQBS9OR6VZpM
54v3kpeo@outlook.com,LJPEfcb1hCgF,29BbZ4v9ivRoqPEsUteJFXBnc1IRjpQn8ivYdclvKqyef5VXxh
tnlvgv8z@outlook.com,IDxI9IBALqUy,MURovv8eZN9pDrCpsA7fDqI8z8T2W3fKQ3Z0a3WJt2oIVI9ZvS
31kr6mlw@yahoo.com,LBLzTsKoph8O,NiEwYRlpluP4pgUpHWPw5tZBOb9FciGcHsw8W942JCSWQDfvVU
doh0pwz1@proton.me,pCHTDruzpt46,qcUYz3bBSt8LfUB1IcZlYE9n2NA0nHliLwsZOpQwJMEyDsD9HS
2vrtpfdv@proton.me,C79VknDWGSzk,CXu62xnV2NyHehrNQIZOuw6oyBA38X7Z7GEi0I7450C5xsdYlo
8l37sjau@gmail.com,QdSUSEjRDDcH,c7T98f4IAvf1SsLg9dBpBwNLarXnQROFyxXeWbxswZMTcc9IDc
rkb8ll9m@proton.me,94un9XytFSIY,EnhLurmJaexU6LpHOz77jVMv4xW0ieIzs1Z700daK2MTMYCn6F
zkrvkxgp@yahoo.com,aaZzebKBUgiJ,Ho1otmuHyUzrC2UybP0cvZ7VI9vUc2yRi9e7d11Hcd75MouXAk
wyvks1vh@hotmail.com,z6Yo3x1iXT3k,h1aOjzQeNQUKx5yXSmwrXBq1fkouoAzUHkR1sL2Ae19fFDP7Jb
krid9ioo@proton.me,DbSCcR9T3pra,DXoAifJfr9IbOq1S3eCrhZR2a5PBeTIoTOHagcBtjhB2cR2hIv
b46dltj3@hotmail.com,QOGGDAeD36uE,RLNwBWFqlMLR0NrhRB0OFG5VRQGSg4wQ5XlKP546KqOQ2NBVsP
r87v17ns@hotmail.com,WpJgE3H3OWRo,MYGepqWb8WcGzvDzUKNbwg3bKvfFREmcAQ8dC44xMlqOIpSZUV
sqys9zzv@hotmail.com,3JiX77WA7vaC,Cv7abCXt0fbNuhajcJkgvvMWpLj11iZhpK1dySXs3MPDPTpFk7
jzq6g5en@gmail.com,Ab1kfJLtmRz0,7DLEoZdO3YKWBhi4xI7Yo1l2afT7yiFwphI7mH1e4xScCJDwmD
z57hncuu@proton.me,eTKfho7LLrMf,9tOJAkGsxkrVKlJeVHlFyRtY9kxpoazmn2xfYh95qxeku34536
r5i87s1d@outlook.com,WFhSjcPwoprN,g9NVySG7jUfq8f9cMvB7zinTACf8hz37VkyGUlMp455a7pdiZI
8pxbc73m@gmail.com,uBPmPVHDPFph,nUV9KJs66vD5mtHWyd6A2ZRUur8QrXMjq8oaGayBLXSC1wkh0t
3bgppwjt@outlook.com,BDH8OW21PHPq,GaZdxuDWDIjkk8fkWt1C2jNyoui3UEddwhxu0dNskp0DGEMYTC
3qz4vgm2@yahoo.com,czULrnaGX7Ml,qdXB6q32XgvXo5x6SRmCIJiiFsFAJrquDNrAnHVMVRA5L5dAOf
qrynlsca@outlook.com,45yEBd58900o,vBE6zzAcaLOYHodZOBRKRU0KSMdLZIRrSAxz6BkwXijecfH8Yz
ropv7hvk@yahoo.com,OjA79F7bdSgs,H7EMfaVhM0D6aWJLvJYfzHHYqBYOLD6SHCzEeKFubR4sFjlM9S
5zcwa3bo@yahoo.com,MMSP0tiobZSk,WxqOGMxLS0GcPk2hCtxAzunBLzWmVJFAac14qdIDZdEFsr1SxV
1cwb1jm1@gmail.com,14YDlT80sltF,owTMhQITHR4QfBY3ngD1miKla6LZc8r2nWI98Du8Bmt8HpBhID
t5rzs0e4@gmail.com,yNlhChINJTZ4,WWG5WhUmWazJX7VrJCcqpBcOL4tNfgwuPeFbealgo77K2mFvZd
3knlye4v@hotmail.com,MpUgkRV68Dv5,EBYCsLJoIhW9VImK9oRX22N0wDP3s49YH77d4M0ElJXiDZiRkx
dsqfmz9i@proton.me,A8n07YXWUw8L,duG0GhpOLUQ3OkLrgXCXEEKfxjjRkLoFcHmJRiuMtybhUlo1Ib
i6crtkfm@outlook.com,2jFlm2JiZiaF,3AwwQY4yWsCQZeNHZup6fO5jCAQ7lXKs7K8tmt1hLUrIlQHa4g
l0t45ykx@gmail.com,P9JliYbcp6DT,kcB8DCYiQZVgWezRoTVU7Z9tSFB5CPeS75WiF78KnYdnPraaLs
1qauc901@hotmail.com,pJh0ZvShkBuo,s4ToCbUFXvEKTEelZaIMafGi5j2cUrhwFvNH8AH1QWfMrKF56z
yh7dc0h3@proton.me,Tps9QL9mYkgg,NwLnqEryqJGqBUS2DrJRK3zGWFSwS0ek8zED3TjT25FEdgHaiZ
8wt6zw2u@yahoo.com,gKyOR7x3vbkV,gkBXd1e9xSLQHAlyl5U1pesAIStaVgmMdWa2awbod9FnLCRSod
tstl4z9b@outlook.com,4YQWEazdkGJP,AJZr88Tj5zuBUsbi5qEYGCg46Y88t0sLf9S6WuwsIXh24tfjhq
inqrs5oi@outlook.com,J6BLG2QvXmuR,dT2DrjGGUDBAG5dMRsJpvt7ywASlHxNMptI0q5bL4DxH16ASZr
cyryyojj@outlook.com,ON5tVARpXiD7,vKOWe2Xz8KfgIVSjP250AEgbslrFLXUWSymeLspTpwIkOMY3pR
ozei86m4@outlook.com,YrL1YlPgaYXG,xHGJW8Wk0t0exXsw8w6QYT9fn46ZVd8a4CQRPcYLXISGBs3s74
zkd112g3@gmail.com,H0JTyfcqjWHa,I7vgopF9ME1QVqc4XbSU9Knc1I616uQui0NaEa2kglkCMUEtlN
316bju3i@outlook.com,RcwmfCSieVIH,TGr9funiqdJPnCf5RIX7CTeMWQvqJugHwKugazA6V3aja4ypuf
9t7e1yeu@hotmail.com,cj8Af1ke1Lhf,kzFia63WIgWYcNyHZtPkMNhiLqPGnPq82KVujyOQiYFtPKcjyJ
xq92lzzn@proton.me,6tD9khME6E15,ClQeLxPdUMXChJTO48HJWpP3cn89OnFUPEHsEMc5cLTx5HSWJi
54iqpqw9@yahoo.com,Fl6TfDMra4X0,agT4X3vJeJDeFNAhMcauOQHQPDNIUxmOF9iAjGiXNOrRKkXs2v
k5f6fqdh@hotmail.com,LmNJU08HPhB1,ycDdWjfkPRoteJcfqCVu2MdYXwYWqPrjSZPRScxzO3v7TBP59G
wafsfcml@proton.me,Dhk6PyaPYUVI,oXqF2eFfOOl1rfnJYGMrY5qWANlfDDlyS2oCQMdXzZN36HFmMd
5ea4zqs7@outlook.com,wqkiuBd5HeLu,eNAAhv8mFaCIA74XhFiBR45iYZiJxVP9EZ1TN2neqGwnX4cthE
4ey9iej7@proton.me,Sv3SaCyXFvwc,amY9vLUcHUutZd1L1shH0R5xD8PsNohLL4eCJ5Dt1WdI7jBFeE
ghkkba5o@proton.me,XCDlHTBAJiGb,RlsD2Zz2TjhUZ7Lw8HkPOdDF85PeqYeejkaxUSkdNedYbR3QFX
uqjrqu6s@proton.me,rP5kCjIcWSEd,nfNg7gJ5c3cYrVzRpxGcXCTJdBSJlau7Uhp4MsjfVNeTX1aI3P
uorvzeoc@outlook.com,YvRbQWhzKGsX,KAcVfLVgSVQCEaYRshzLWupGg4kGM00tJRCJJC2ECp5OMgEFkA
h4jyhrh9@yahoo.com,i349qENzdBuM,HNfEWXy1qm5mTod2qvmEJhj5kgN0FAo5r81UJdFk3obDnh5c2M
1dsmwyk7@hotmail.com,QuqXgZL5yzBb,RpUney9TtVoWLuPABtzDsUzAF5blFIw8R3yukgvnvSfrwOC4Bg
npty5axt@hotmail.com,VMrkLct9m4vN,vTYTPTLR4B61uGhYZS3WGTizIna5UvN3hVYXbtkdraJCB2Mn0Q
gws07b8l@gmail.com,tOveGNMgdd24,yBezLjAP5K3aqHOiYbyMiwlOoX6OUTqcGD49QEYZgFKlW16xN8
svil7mq0@yahoo.com,duIXQnZpsCwg,TGJExEzCAG3foTyEGAIKsoebhz1NuaIEFv6ZpQrIsMXmY8EUDx
ya9dyvd3@yahoo.com,ZcVc8fcNKBnc,DhlgCRYxSTvRORcTD89jPDq6EQawaf91Zwvh316b4m4RGiP3U8
ubfaq78n@yahoo.com,l2daGMLub9up,Wt42Urf8GwoonjWMSuOICTWdKc2jvJpLH20Z7dA20ZvQjw27ux
akqdupmn@hotmail.com,O7u0m3BVUYDT,d5w5ADRLUlZW1qvPJic1DUWVvMntqTtXFd3vLNVrcHswMjpjeu
zsn21kr6@hotmail.com,rROoZIkx54sH,NyiGFKc7JLM6ujtLJVm0vbIUffznFlRh8UAN0vZGl3fkR6gzpB
0tdccp7o@gmail.com,OjDhZ2PQ6z4Q,8yu5gugmY4qcYrCY5OxU2PfI5uFHQCuY5HHQGZ8DrJKsspnTqK
yijcic29@hotmail.com,k1Qqp73ICTLU,0KXry6liwLWTo13CCSWuqPe7CHfsE7zk24FNtsJMrgFpvral2F
jbiois7y@yahoo.com,Xr1AZyobTsdD,aRYSIEmLWjnF7lgyhwsq0XTYZYwniIcxqriQ8ktDqBrIkNen95
52wmfyer@outlook.com,zuddhgGcHn0X,P9FzuJBfS0o8ed6MVSzjasMIs0kP2rYDg7NpDZPg06m1P4CqSo
hubx4630@yahoo.com,6iP8oFI2eSFx,X28PSjslKFTtgGII1MmsFKeKM4UB46snyZehyPlKrXAd5tZaLF
rc4b7s49@proton.me,S2tELCpe30Nn,9Ep1wWEp2hNJoCiVwC5bbCvW5U5ssKnQiSzTNkS5tfvfHjrpUV
4j7eo0w4@hotmail.com,Mu0A5YgyHtry,xQbTfiM4Dveu2dT1aCupi88jB3dAW6GfMcoFC0CUJZKbiXSbXq
yi65tmm4@proton.me,ZN8C7SH4TUqO,hPMoSubcHY3LxOwLtVYee8CfEsH9j5d2SJAn7fnRaf1HyxoCM4
orb3w0uz@proton.me,E3jeV6zGxaEX,0gTRC1JXrFPwEgC7yh0dVS3zmiKog4pk9v3U8OeW0TJJrbsrFE
mkg9tkzp@hotmail.com,bXzdbr8P3pPL,UinIeGA0VwP4i1gfYVmep2ogQBs1Q9h7IBkNEQwfGDqRyDsZix
axl1qlev@outlook.com,XRvEmQkJBBjS,UTL2h7eHJUvf2oFYoeCOXc7SIat2uWciGQ0HwnB1eoy6djHNKn
z1leocq8@gmail.com,Ev8MIFwWNBqL,HR8EEGI4E398wz2NCT6LC2M9IR2hUBfkQx9sxXyS7lVRMRfUFe
1j81z7vr@outlook.com,TtOdw4UVoc4P,gcYLHZ1bOEjBdZ0m3ZnPG5MG0ARM0yWuQmY6BnHEl1qdIbge98
6eokfs4k@proton.me,HqHXwjCO3A63,JfxCEAcD5vAjSYtd4lPoeNswpmqsXDJtA7Fnux5yaiBxylko60
69j5kros@proton.me,G3alTx6ocl0z,EHEu3yMca54vs5Vfd9zRLd4c77sDK7PFMVGIgXjT6szlyCXRGk
x4r8ix1o@proton.me,8rJ0xRkujY0U,HiwxFWGPRvG6RQIvAl31BYON0FOfgPgABI5RTAOyYaBtQwESGq
njpz9fos@outlook.com,ZrvdL4Db860a,Tsal2Gf7xJ07xYhnL6lzCe9NXxFgJCV00t2xM8wHymAHBOZYyz
xyg8fc6b@gmail.com,s6OjdvcoHAsx,aa5o9zRUgmSOjke2sls07mufEwtUegLoiOADYQuwEKUcTw6LrP
czr4vpfn@proton.me,c04Lain4iODM,uRax8KWyhqgrzgp0XXTUAa6suDEnIxlk9IJuV1B4JKoD8o2YcH
78qfd7yc@proton.me,BIfv6mRzwFNu,fnvKUFboBewlj8gGJkJDSl3s21A23pvZfQF8DosVOX5cOUdNwI
dl8ealom@hotmail.com,V75RhI4qr2x2,CIo9EdPYjdLYLhEMKDj2AkpeYilOprLdwQiwp2uR03QvKOcMCY
76863nyt@gmail.com,ZXOOI27CcV9j,tM2oktMEgVVG1UfgRRDOsnaRXL8471ecYSTSRT0S1PTv9SYt5Z
uexfi8ya@proton.me,WHrhaOKBKbMs,xSAbHgSD0jCfSMuDGx07JY26NXB160Kcu8ws9biBGQV1c14j86
tpxulmyn@outlook.com,STEDPIEIhEEk,P5PBpGoQtCZVQQSNXS4QzSxrEpByG2dOdu3vlCOHNkmjOvkbRq
tr7tv7ul@yahoo.com,IoSsOkwHueQX,8BUkNXeQa4STfwPTLiBDVYWmNx9ixhHXexjPRRLTXzRpZrtxKL
mm0dnacc@yahoo.com,3r5uVDOIzcsW,RXlv6e4mCwOAs39AgrEwJlWuNWA5Es8skaMyBFFqhIiyL3TX20
8mosdbsn@proton.me,RXlrBtd8XeDV,naFsZ9jFIqQEuLaUdyyZyhmHcJHYOJ1QSKDueCENCD42jk7GKB
srcjoh87@outlook.com,JT3gqaRhEmn5,5qYXd55BOiCokR4akXQlT60psyI1JSUa0h5Fb5nBQUdJP8f9Fn
132vtwss@outlook.com,gTAkz2SWC0OQ,Le5kOvAqkrsRAwGLIIXFsYLyCCJCTsi4acerUR9H6ik6NeAPrk
kohcvem1@gmail.com,9rQS1L8VVERD,6QX13iJNzu182DXy1VS1P4XoGbdhHwguyjVNm4YIs3BhUrP6qw
gsep7xnv@yahoo.com,BgXYsOyaYI0V,NxCCJliOvQYVQInMd2znXJrPLRehxzy6LkeGvTlFuiHs8I9mmn
cpwr45p2@yahoo.com,UknkiEvLBRGL,hBZiu0VadnpXVWPtcn6EC8xvrhfdo6dm17ErWK4mtzzTcafRTd
dok0dpxw@proton.me,g3uoq1JJgCz9,b9ybcdWVE1uK7obsNLb4L3tFV8qK46nUY2pVppP77l1dWjeGwL
6y1j3ceg@outlook.com,M2myI85xh8rD,sqSdNwea17APUwL5j2ecvAOZAok53EUK1BasQIOf0ihmUrdGOY
o2ot1azw@gmail.com,nRZWC4BE7fEH,IdbenHrWuCLJGz0tBtkKWYkFwguQ2yps1toopuXawV40UNM5Ov
d5a3l01v@proton.me,PaVZtaV7VcZ1,BE7fFbbJ4soT18E6pnMEE128MyqsowaiQJuBIlUAsJuoJxdf0j
djhum19w@hotmail.com,3rI7fAp1NPzI,j1zJvp3USXvQOfuCT6zN9xxb24iWTKkvZAUGyqQX2qm30FXMPj
sogl2mv1@outlook.com,aG7yE1e722jf,Hw7eAPJ4rOZU2Ie2x87PiIMoMzWAXlvWKGEVnEylzyaMTBJdvU
i2fftvt1@hotmail.com,xzPtWbP1e3Qk,O6MdCrtGtgvQSReukEmqx7akaT44Kfg5fPScgXorleBxtvnYPB
ps8krzan@outlook.com,Sel6dTg874dQ,0krZNpKEHL4KBz6CRSKMutzAwx2gIcHBQJEUut5nFreSx2LKPa
wiffdhug@proton.me,lC6O8fdrO4qa,ZZVa2pbsTchnZ7qLTXVR8EMVEt3vUqvBdYR2uOSITzEKtXMpdk
yhfisv79@gmail.com,G6tQuHIWLd0L,xCGmyUgxJdc8neuwQkUEuFTKVs9ak965E5BmbEuZtfDwb73qGC
tmujapm0@yahoo.com,SsNR88wVfGCI,hE3AqbZGI4MrCeUOkq46oe5Jm6wDHB5EAcCI1KfudzvCQSJjs7
rj4q4stl@proton.me,iQlRf2prZqO1,oeNEtV2kH5aBdUW3feIxz3ncuZft8xQ1PtLiFGST8gZ6K1nXfj
z541h735@yahoo.com,lpbmdBHor3fU,9OFlNM1SKdsUDRlOR5oT1Rcm2CsT66L4FWmqgCOr3R55tm2CY6
t3eweihl@gmail.com,xKeITjHCSpJp,ZqeBfZmaWqOkUBChYCD8MgYBQkXhA9zJ2xlUV0hoSUn7oUxM7Q
gp0tvs1z@gmail.com,Bb6NDR9zuHbm,B8qj7V2OMnghQnmVaKr1ZLKlLge1Cm1Hq6wr6MRqdqVXBMHLaL
yb9jqyp1@outlook.com,AcyYCdPH1hNv,REhE6WY74yLij4ZTA7kHBr1WFasQuNBm8r8QW3YVOdmUXERB2k
8l723e1y@outlook.com,orfag75au1py,k7jfWdydu2oICghN9mpdQfapd7K5xXgaOJ1AbqWL6pG6ph3gxL
akltitay@outlook.com,fI87TjT5ggwM,B2ySr98WENSaTbWtIgSsc4apNJkx3pbdtwkRHhTEnVOogrPUA9
0orz4e92@proton.me,wTxR9R9xGlui,mBZZUnuJHFi62dDMRlTnoHmleIvyyQGGwdo7Q9kRlk4xCsDrtr
yu4ltgf1@yahoo.com,NXh1n9Yja8SY,znnbygRM7lQ5or6StdSOEvaXVG1OOQqyx0rbAHz7Ollb4KBGNW
pljdqy0w@proton.me,y4VkRqockKGQ,uBJVVsx2jBJ8XDVO9rqft1BLsNs41CWCY7AN6diszK3gTHGs0E
spndt5v3@gmail.com,Sh3GQ2QozOYb,MDOyCwDJGHfOWj2MMAHIhIgNd24ND4qsdBFTqluOdyrCs3qiIy
xip5rurn@gmail.com,EQ5ZgaMosqSU,68tJVgjHMoHr41AU3o1H1B9daXMI2NqwtSN3SRnCtV6xWCnmre
ypxhjrl7@outlook.com,OSN4gmefKnjJ,zorEq9OupPeDPizM0LwM8fz1nUz6R53h1L9XveZyWrRH1Sx0H9
vwb2hiq3@proton.me,Ep75VyJ4Q9oz,QoqVEHoeadtdWt6MNLK7PfTNDwaa5nlgpC2xP5IUosidDkYiPn
6j3m4d3o@gmail.com,grS7MQNmKPsu,jBe9xw6q7FTKhT4Nc7amkfSSJdjAyEwwsoI7UIibrcg7MziwS9
mc6fyhwp@yahoo.com,y00QkG2DKkNz,TtlFUM3eTEpAYP7ZOTi02iyp3N7R9k07eD2Hu8NYFjXAriBwH0
rji1evx4@gmail.com,anObmY6XPIIw,iVQ6pcZNyDDUk2ZyvLHfHUenirCePTz1K2rNDvcyQ2Tufzv9LE
rj0yj7ek@outlook.com,pKycqlHTXrpz,2nhTgg4BqFB8jEwxy4ohoFeitxobjTLweC29zDI0SBovNSYpJi
n13gq54r@yahoo.com,kx5r6rlrvpRl,9UT8xpcFNblEBI0npkPQoCpNwTjNl0fNuUX3mMv0fi2UZhcDbt
vn373lu1@gmail.com,KP3nvzjnMquh,x20OTbfyURMbgD36HEi8yMF85e6md5FM1XbnjCLRe2aX27cPp6
anvcaurc@proton.me,zDPBJWPAvKRm,qRW5cWfvc87r8u3Flgx4Be5gNINWm7qs5vuBy6egl4sTieTddn
scy9w8bn@yahoo.com,ndoJrDyaJ0Ux,uOO2cjNw4uLvh3JB9XhygHAFgCugYq1s7pUqi9INwgd1Lr5lOq
umidytr1@hotmail.com,HST3BEMbjRc4,PCkTRfoktWxFKQqhVZnhqJ2q9cYrkRKytdsjZoXQVmtWqPb0Kd
e7q3yphn@proton.me,eZa1lFI5onnw,WV6lwbsDZbzjsjGQwSH8thfJjzQUWeOOpb5rmp3kIBR9RY8wL2
gz54kiy5@yahoo.com,DgQv8yo8F0bh,clk5rjo3apPqcwxZaccsWS7h2FHZp9W4F82emnNxw6uvjReKpa
2hrc58rz@hotmail.com,5y8deghRC6MM,cFdhc1Xrh5ZhhAKcq1vrSeEt6w202gzZ08cSru4YGCZSUcNQjh
5c2fsu4j@gmail.com,q4bZvlIgAd5s,UsgF8o1WAJYmi8NbPqhHalNvctEggjD2zkGHKmc5Pnnk9OxSTB
k2raerlu@yahoo.com,pmYs6ZNmDn2o,qQfxqxu3YwxwPCTjvnfIPFb9tj6ViiGL2XgGcPVLqf4dvlQHwi
feabnj8s@proton.me,Ch9eqjo8wKM6,YARV6IlOqMymGtOUSGf1zyLTgJSuAWYfbTrqgrHMLSPAnTF5qo
i4dnphf5@yahoo.com,SmM5WltjGZzV,4HR7ijX1DcSYFZnTvzdwLvVbK0Y2oxEl0tBnrTnelBSivR4KF2
o2qadrj7@yahoo.com,7kukZCrGElKd,U5PTrVeFl4EWb9svSAJMWGxjjfdEPEpLM9ppgsM0MTrDsz7XLk
gn9p4b79@outlook.com,BaUn107ATwjX,mpXWkozySzA5PVAd5eKoZDll5RSf5GOKmEe9eYtjBQ63YluUCW
q7nl2yzv@outlook.com,lCXDohbO0nJ6,Zi57H5hRUBpzkRpvg3kGv2v3jITbP9n3sxdKFMAPBSn5afmjBJ
4uqv1cb7@outlook.com,nkFwT1uG6lUn,4rmnC7FLPvmhxe383TspZsWQONwhJcAbY8rsLOlwLGkL4Rm4wI
vnuomsti@hotmail.com,lksz0BKkK7aD,jeOTplKf7sMtIcVMyrxpDrZi53bJbH6wOxMtzMfryDeUA2ei6d
jt8dxp2n@outlook.com,Yh71GBobvBbo,cnKjV9u9gZ7Bsx18tu612sJBGjEJZuhpq961WiFDKFBR0IMs0A
ptouhnfe@proton.me,SzfAqAoXYaHe,zpLfwBehjvEhQLxX1TKSOFzPjMuN6wMKqyWAU2QT1hPEQvLWmY
xq8wiw5x@outlook.com,NmrcFBMrpHVn,I88DE5b8BbKwID9DmxfGuN6ngTCebS0i5EgNL5fMz9Q2Jb6Rd6
rp1yhul2@gmail.com,DAOOuTA7tj2M,pmPBh6zA53yyBq0MHdIj44wne6DhNYr4lphHXLvTR4MroL7YkF
36s0b1oy@proton.me,AQFBbm1lHYzE,lP9a1CiIh9r6oTLjgMnxxrpalTaHhtM7PXLlrFPIILoduh7UUE
ljy8h3td@hotmail.com,eGoTn5TxoDjD,236Mx8zorO58tNFnWnW3deZAA9XPTGiCDYLvOf3yBwHMlKrBS3
783lv95z@hotmail.com,2zPtnoOUxpN3,Egv22mgsZj3NKA3yfANRN6jg04VUZMPqeJC09JnKQi9saWrc8R
5du9v9yt@outlook.com,H5XNeFhI8zJI,13UGRp2UvKXn7o4sq5Kgm90RJZv6LlPXONKO41kqG1V4UKAbPU
r2q9uvvi@outlook.com,rsYqhL6OBJBs,I57p4cqx8W566m5FEXlrwOjyZ5kTLlq1m4uKTR0UsizOws5led
jobs3tcz@yahoo.com,A55dP2WupMiD,wEUQuHH29V05cCKRPyueEAWgdHSFEVcIzVPTvEyHbwekyWQgWJ
sycl9z0q@hotmail.com,bVJAQCXyZoWO,M31QjSrfjOEiBjLHgAv0aQ93mbdz5Be0v4Q0B2OozkQWv63owx
73v4gcny@gmail.com,sYipqS6Pu0UW,TWjtDVF9h1WQvLpr59XhFjj3H77Mbh7RQvHjF6Mcs7G9gjGZCu
vqhhxjb9@proton.me,4k7t3GJv5niy,5dTJmqBukrqgnhoo82WO9Jt1N2YG5ZLMBU2hou5pxzumAm1hmo
174h91ub@hotmail.com,yy9g9eZKmMBy,9uvMuVh5XR6x5FH5pCyo0rPomY9vmcO7xsmoLuIxRYZKJWFvQp
ei4s09vn@outlook.com,uHQsBeKy9vwX,11KpIj8Opp0f3LERm2DaV0NMOV1Axg1QXFz84AIITnqdbACJqq
dgalgf9o@gmail.com,s0AZhz2Yc1X7,HwA4MRXBCz2R2PbkSAI9KZswkukaRylDgYia0ShPCkhCZvKb3l
tghlfj06@outlook.com,C8W9bS8fNxQL,SY4sijVXNIowfGvIRyB81vgMxObUC92xs3kNT29DPDoa1V9YOj
h7h8myd7@gmail.com,9yhaQos7NnxB,W4Ap4nlbt6J5gWFHz4H9KNtDGAfS0Ea2u6gtLzsm9PIjxpMPoe
ygfbv6mu@hotmail.com,ltxQ8QfjiZVG,qH2HyeakTX56fP8NtgsGVsHNKmW7555WyhsT1lpKLbrMMynbyS
f8uokjmg@gmail.com,7Rf25l5on0cb,sb9SUzpKgkYkP28hgDbLQ3FbIihllpgUrJ5rgiInkOoCMotDMn
iwuklxh7@gmail.com,Ax7HmCKLBuqn,1ZgTshHMN4cavr43ZqVPXz65I20us67c5zYYwHR1PcxiROSasx
hkec5jnt@outlook.com,pqoD3Gwokuuu,DdR03ODnIEntDFliszYpnIEcgXK9sm4A4Vtr0EiyZEo24cmfaB
hr11rfpf@hotmail.com,IhHv1miQ6z6u,qjYNZDASNP55AOU8Nk6zH32dqs4bO8lEIn7CzayKDVNC8nhI8J
zjhb0mz9@gmail.com,V6uPTWNvIzvF,UWL1xkWNbA9GBhA2P9Vr9LIy943ABGO88yZHyeGAUGeuPjg0zf
8wl2iy3d@yahoo.com,KgxfW2zHvE5D,33GJHQSXQyASLGexWpGCMBjhgecULxLrBy4hcg7HSw1zNxTdeB
96ke8snf@outlook.com,gGyQ7azTm7UW,4SrkBk5Y2OW3Jv8h63IXkwi8D7F3HoZVpTWFyWfnbcx6fG0qBk
ekr1h101@outlook.com,EgDRLFXh21sJ,tYVY5cRjOdZhYS0OgMXAXKuX1IzxQsa9PNIHXCRtWRk638mj0H
4gtr549l@hotmail.com,tFMC0wMnrEoS,8URFXaAx25YL8cmCW4GJ8ZYigFei1wuh48sqVluBN8X5yBKbT1
nsp6kos8@gmail.com,b25SCknr4Pwv,cz5iE9gNul6HNHdWRVJZGvnQIDfvCrXyamQkZCyceKJbxI2Eq5
jfldghml@gmail.com,yFa1NgTep4mF,H79Zqrv0l9QmJbg3AzHPcsjAm8FzMjL08MKdKBmQjVUaAsMqer
livue2j9@gmail.com,G8hXFyXMAaiy,sGT3pmVirde6N9Pb71qgIV72XAVMJFZAPxu46PLk4JR6Ca8ksY
7d5sgrms@hotmail.com,cyptkqgR4X1L,cBwbUec1KjVCFGQC45p7DbsxnxxSUqZHX9gLPtpWNMYV0PuWZo
zcsmw905@gmail.com,dmQ6jIgvXknV,DHKpdX3O2WRm9fdnPKZva14xmfWCjUZ9sNSkJBRrtnuGYCVsGy
zd3bw1rx@outlook.com,KpMPL4f55YZT,cSToSqVaR0pS7BjOT5JfyzZOGFdNNR8JMa8jjmvEPRhuDNHVsO
oujibrsx@yahoo.com,KRaufPeCvzGS,8eswrpJX4TMe6K1CScoKeF2zZhq6NzORaU1tV4GTg8OgoFNLdj
sh8jkce1@outlook.com,bk5vDdXWoy0U,Kj0VBa0SAblywwLVzsFf7BleT2Wno3m0CaPkI3uP83CZDZSzBt
jok1dxrl@proton.me,FAms0cG1eFek,TV93Ob0oGQ4eHaEMq4wiCJx2cDqCpkwHpJP069nhLb9A9kNyAr
oeih9s42@hotmail.com,VOgSl2GVQK6h,VN0JACuySkW4OJhoItnQ4kH92uw2SBC6RfBplxvKXxHeIN124Y
zv7cqeql@gmail.com,AtFolTw569PH,ygND70m0JbHnJcLq7EaQHM1xkdd3QINDN8lNSMlnp39q9VHhLX
tvxg2z39@outlook.com,ziU4vGsEhdoC,WYuy95Xhc2frJi049ozn0MjOcg3gGGmXpHoefVYNIwHWGBhywE
w7mokf1c@yahoo.com,qBGdKhgZkDQt,ldT12mk1TKtymmo0D9dwP3AS3ezKDgm1O6kX3LO0eOc0VwWugn
v0e3bivo@yahoo.com,Be9zfr3uWu08,BHtvlCSyIVKftnDBb6bpBdvUSPj8tfI1kFrqWgnP1G35bSh7PD
rljc4ab6@proton.me,RSMhceNAgFkX,7ib2UNEk6QlU0aX1GMo86M0KW9mpU0VeWW7piwFIDrwaXZHtXF
p8yjiies@proton.me,AVVpFtY4iW7F,TACTZ5jdRV5aRgfTusSO1BHCpNrYgrvWAuMhUWM7h3fpOoVvDT
8ofrzvmd@outlook.com,3Tcav5XeMypb,vDowt5vcWSJWz7arub8QbYysp1iisa3gDJyhdHIQte8wu4C6wF
7iroy1nm@gmail.com,SYuuDBa7f789,wmGOKN3zizzBv09Wnf1xwQlH9HVlbjPKEvwcXC1crIMIhUC4AJ
x7d010ta@hotmail.com,NQCnune4HUMn,EAVFJv2FacuSx3U0DfD3il0a6JgZz1TAtqJDpwzLTJl8gepTNy
2inp35eg@gmail.com,3Xu6CvAGn33b,IcNfiJ8g1CShlFIQzPppCOVq9uuAQrUs9MCC5xIp7OzeVvNzEE
hoa5mk3b@proton.me,WB4MbpB5ln27,UbjoO7ffJAcj5d6nOkYOmAzv81WJ1ak7PqpBAoPCht7SqkzZMm
5e478lad@yahoo.com,9FOHT6U0K22b,PHZyectoTtnEdJFWuU8lEri9oAmT99EMPwc84OnPdji2SXEiV0
eup4625h@yahoo.com,6knbrY2L6a9h,w5q9brX8jWtjLXGVTevmo7iGtPuHfJoT2pYt4QmMuzNrg9ZWMS
tn7pdfqw@proton.me,K6WxNJbWeiCe,0SDt7BBfErAVN0oz6d0f0u5kRQJYIxxBismPmvotjQzbDiKWZ5
it0ndwzi@proton.me,xTqrIBjOLA70,iww0PPj10fhiq9liT89FvlCB6oYNAcpcKHC4OkLHl876HUlQOf
a17a5z0z@proton.me,x0LfwQEIe08N,Lf3X039pWU8mWRlKKNjn9OJ56k4k7UUZouFTwVcam6tfsp8OMj
jkt6kf9a@outlook.com,wcQP4wB3YnsW,fp1PSc0YLEt5fogZAOTQE4Kj288k5wZvJNWOh7cFTS2pnVjUtY
amm02ekq@outlook.com,raGFtrgmadbg,QcTTwxFFyfSWHYqPK3vwSeZWzSk2fHM3VhSnmgd0me0QLfsWm5
zu12y90g@outlook.com,YYXyWbtNFOs8,uzXQ7oZqYrFyOl1t8p0xbVEvb63eovBaRZLzqoa7ulcXon2xZ1
t8xhnxv1@yahoo.com,PoxxBhqh8JO2,APvLUiHbDgof0Ehk6LQ4JKBTrJ8jVOr2e6weykjN8gxyyMeqv1
y2z6h39p@hotmail.com,Q7j8fP624kwN,AcXCjWcpVxZoMrSa9xcnZ98sudMGdJt4dNLr7bG96y7e7vnL8S
c9keal87@hotmail.com,tSgidORIQR2G,AJO9u4U3g6Pjfgh696SOqCCFq1AbYpWQ9a3qRcafWbLz9MzySz
81es94mx@proton.me,GDxl0ZTxIs9Y,py39FvRbg05bjsu79gorzQRkjQEboM2Tx3cph5g8BiJ5NIaZfD
csv0zc2m@yahoo.com,QaDlBjckUUdQ,qfFwvLYNy3jWAzzXfHYdGwA6j17H2mnIIa9TAphJVLHRQGozJh
r0qg37w4@hotmail.com,R8BjLaC7fD1p,pBGGRxFDLp8AB3gx8sAiix5s8RK8LDwf2d2LyawIRgPBYd7sII
45br05y4@yahoo.com,fvHCTtgypGAq,crjnr1nohaUhlpVG8mtWO3KRRcuPBWAt0dWMqVMETuEy819Naq
b56r30vg@gmail.com,SkbOdJHW8c0C,VTcsUNbAClFgBybn56TYumUogpEQtpFvpHdW81d5R00o5MS114
lsrbwvsd@outlook.com,lF4uOWZ2BVen,6M1MuAPg0Kdcgg1RSIGI6wIFUdc0IqvRDKN1MAxU8wJutG7V5G
bh915muw@gmail.com,oFo1YIPtrBbD,325FrHqSR40AP6DfsKYExLId909AztpleOu2ya9jpGJUbveFGU
f31hsifd@gmail.com,QxRFd48OfmXn,qaOohOkFjvwNFBkXfa3iL04pBh36vtkTE2uFF7ma5eqeJ9rDzQ
cl2uok8b@gmail.com,maKxa9ZP58nU,B2CQ1yMDSDyRGWW4bBp2SK4alX1joDdM2oq1KEN74qELxPQaB8
ayqc13lz@hotmail.com,6gIhwpwQLdub,KhDC4uzjb9wdc9oyaADx42EnTZAjvUzHFdmhbx0uCn2X6LJCzZ
m7127jm0@yahoo.com,Ur4meuKU8F9K,IrHHJoJdfYRVzbMXCVXuUrB4DWIRSwX4SbtYyLqaYY53eUMXMe
na45tffl@outlook.com,beR4peDiRFAV,orVxnmvHqfNgdZPDZH448oEQYLvk7LM2s3TkSS99VckIgfTh1Q
y12atbip@proton.me,7Txw730U1jUh,sW42gKAZRct2azfQ0YA8S9L1TE3XEOiyhCvdCS0CjPe4UnvRsG
dfmkmk77@gmail.com,aXv2zNGalweJ,fVirpye731wufDkIg6KQIT9GbEppaaZdNWepTzyri6IxluLuf6
66s50fua@gmail.com,Z3S9NiUMkdJU,hxaaG9onxFThN35cjhsb9xtpwdquLV9q3sUDaIvHqVwGNTeoRu
ihj56c58@yahoo.com,G5P2h2IXr8VN,kQaVze97lAN3I9PITjB8mkEjRlUTGcYslUhZGZn4WciggWkMac
2gxbvcr1@hotmail.com,fwVIlbd8U6cf,DQCVWuC7RjaRAYLVpzmeK0egTiMcL13IY60dcvqeT8HEVnwdGY
dsql4qvb@outlook.com,jxv1Eo0Rt6Qa,hWVJv0jwqHPidc8gE43aciCQgXdlwnVwURYnIfICjRNwTSHECL
8wnhgldy@outlook.com,ljR4n3P6tf3r,T9WX5pwpgXqgxT1nywhsUODEmV0Kygi7j70knXTT2LWbq7JAgU
32h1knn1@yahoo.com,MHUZhENSSftC,VBY0xIMVlJUzcGLsmKzmGH8nfOZ9ftwQ05URyJtx71by4eBgZ3
5syhzo9r@gmail.com,Ks0IViyUz6YZ,kvldvgClTKi24NWlFsNjXZzVd34PgkDKreJ97kHgjeQREWnGQ3
5fvxvc7n@yahoo.com,oV7TfCGhTGWw,EEXuMbCcTaexrW3MeWxRqDieFQc2LOOv2qxSR8dBfcEt4JT7y2
741d7yrg@hotmail.com,1FgeVUGtgN4F,ekLnEyQhogAsYoekJXFmorvwZGLGrIbTMcRvhjZJofJMSYbqhX
lm2gp0is@yahoo.com,gy7xZr0bqqFa,Pk2k1q3Ylblm1UhSfp0BjI5b6AueJVc2OiWPWQ2izS54ydzqVk
611kl85n@gmail.com,qBNX8FyLTz7c,zfxhwe66U1Rf0BxcnKMfi3N13Mm4wXubfIR1QBuqiclXqWomfg
w5kqtob1@gmail.com,YSimKvxIchHR,D7Re1v18ZnYskhWK5CdUSfhqF5lDUioCMV12yMBtnWvSBg7vBz
bi9hx41b@outlook.com,evsP0kC0oyxN,tgubdnVBgNDqgs3LOeLl9GMNRm9udrabLoNRCQfUsCUjFOJz1n
1vov8nfo@outlook.com,eXbIxHwOkKal,A6xo8GWgCHM4TJ3eRpm1VTB1bGBhd1Re8NqvAuSwy5jan6MfuT
1rle5d23@gmail.com,FeGGqIGxbA8P,TDjs8XUHqos6CCciZwOW0fLnN9BUgWpiICJ5Xttv3N1xQT605N
eyztiemt@yahoo.com,e9IK2bhWt6Me,db07v3Ke8ih8wNCk8pWdyHR66b2DZWcDh4ZAzpVsyk9mtMgGgr
g2ua63ia@outlook.com,nFMSwFo8HfKQ,LxjZHpmRkduxF7L9yOoxpi9eleZZkSL0m0bfVtLMXZPp5Jdhfa
63bu3mvf@proton.me,17aQhWGulhpI,vn3Ze8U652IpHFX7nDjk2iH0MhkGOT4kDLEBPFT4m7wdjjjJMs
jhfzq2sh@gmail.com,CHwQcDS6IKZQ,p5xrMUbeAcpYE50Dd4JGu37T8bQlx7MFXw9KWavxkaNC8SsYsZ
w6v0olj7@gmail.com,6BM2xQ9iqStS,30CtRIcvi6Xmy3AEiOwiv1eoWrE2slRZEAr6f1dVbw3PJsxuZY
2omys6be@outlook.com,VEBOuwUDc8FU,DBmIcCCeaGMS2ad8VZvkP8jxGI3lr9ONnBkeBh9uMN1P25NSJ3
gewvqbmi@yahoo.com,Ki7btAIGK7As,I4AaReDVXVHalBiMZoz53yoLe1rInSNxNEKD9E7met3NtCs8Nq
oak7llkm@gmail.com,11oiGz7RHvJk,wtJunOeRfBXudgxH5XjTONl1AEyZAamEYbePBDpwFd9lxtEyOW
v7db2501@outlook.com,YvoF8S5gweb9,sPLQaPe6QBblimVzlrtvg7ZHW1mM9MQSmXynBcUYGiED2gfBaD
umcss6os@hotmail.com,sjbVO2gfni81,uRz2fMQgCBFMR9hEYKdX4VNWOFeRa1qaF11Dc4bDzIX9MqyoR4
k7xqjgcj@proton.me,sdwlCYp5L3DY,GNOTzcMuSJwGZf13imAESQaU6m5rF9aXDcWlCWHgzfGpnrek4T
8nwlkfhe@proton.me,mG8oo0X2RebW,wGTjwvjlvnrC2YIXgohrFTQXgAdmaKxElVNfOgTtFj5UmP0MwU
0acvvmpr@outlook.com,IRDQaiUCtB3r,kpmARGfOUdl6TZuT52zS0PEP2Xm9nkqdNm2csnaNGNRJPJ3SBE
pu6r4adp@hotmail.com,5tb2DIWPe1Ah,ikFwHuCfaXlNEjrajposPlhQaKftIW32EXQek6Qq4aYcSHjezJ
29zm4tiq@gmail.com,a9F3RTR3ZVNv,bYJAFnTY4UmEvS4L5YZJMBdSqmvGHCkYJVixEsqLHfC0o7NpOU
jp8h50m1@yahoo.com,0qUFs2AtfLAa,vh5hjAPuwv3WvPVi0OMf876ohziI992MiWIFpfMWjh1xZiAEin
p815arjo@proton.me,XvbqmFTYsiXY,L9YwgbIUdUZ0mj7PyoDYw5BU0AcSb7Z66i7YlQF505CuUIXzAI
rtep5azp@gmail.com,bLfNA8uhuB7o,qvjZcDEYpk0HYICeHKL2wp4x3wN0vRV7nQON8EO0VlRfj5gtjE
86t2h6j6@gmail.com,kcEbFOzMPzeC,8M7nQEqQIEGmfviLX5q9o9p463ueB5OUHs8jUqWmeGorYfabO0
rbh2cskw@proton.me,23VtnYNlf6hU,t3DvOjyJ5uVwvPuUns0aSbzRnjsxlqg6WDMS6RiPHElRWXkyOd
2douhir6@hotmail.com,mDjForpBI5MG,wwuVuP2ZTjtINaRtMI8IPO3yXPkULde2FizoGOPphGflEX6cjn
y50plflz@hotmail.com,svazY1sJUxe3,QVvmbReAILslFOHWK34S0KIvhxM3ihA3uYfFf8BrbF6FiKkAev
i1ap6j5h@hotmail.com,YZ3lkIhkPvtg,HMjkiv11gdke9IrmPv96SNeBExmbVhrD2Bsv9459NaLuoQY1BZ
yneqieev@proton.me,8YOFSq93tL9g,FG4mCowqDvEBFuSEj6iVNTmSDXGicE5JxKjRQYhDNRxWZjZbxZ
2epqluq9@gmail.com,X0W8cR6GJIae,FwGb9OPzum2msYq2Liz9julMXEP2AJUxJAwM7ryxW8XdGFQELM
vn19swz9@proton.me,w23NOInciCV5,QR4bT2mRiNv0D2xjlkxLbrpfrC3p9thHFVRMA8LQd5OQGEUQSZ
8ezr72w4@gmail.com,Ey79fXj4sxjh,2IISFcmkXduixm38EImtoemIxRL69AWP3l72OrkQwKBMGSh8Lu
6szi3z02@gmail.com,0Be0JgWThZGs,jbiL9LKHK28OlI5GlUrtWg0g4eP17lrsKgz8UuqSqXBWVPqNoX
atp8y250@gmail.com,BKrwR3ATEIZP,sgfKXI5GfF6FnfPLPG2bDIdQcC0bOILsiR5tlpmEQRJogD0pnV
wp83f29p@proton.me,K7cEJtRLqpPZ,6J6VlGnO40QmMWRW9J77Kinu1hXUCf92JO22HN58wV3akmSybF
q0bxs7no@proton.me,oTgD7ecLf0JJ,j2m3LvZeEDiHDOpHOfwOeU1gm9z1yrJ6n7OROGvJDPSe8GEAWQ
0gnwajoe@yahoo.com,7OWq3Y3K2MYr,rqC7OCSY4XpY7Ya4FEZVSBOpVECiFX9zUruZWI7H7v6zuiQqT5
35ud1aef@proton.me,NAw9Dd30MpQC,ZUfCVgUlSSwaGWCZ11gJwTHD1OQjYinWiFqr5Bgsa4uEOoc5Y5
kjuzf5a3@outlook.com,D4hLHEpcBK0s,ManGy57MDwxsTESEHfb0rOP1JzQdjP02LeOP3wHSJUlysjqryT
rptdlf5g@gmail.com,IzyzQ6OyZ7sF,Ie3gKrJz9AJqnGUANlWdzZuslq68J6JrEh0JFo1Vp9FehjNqOy
zq5t1ziw@proton.me,T5RO9p1l3dtE,7sYhgeE8gnzkULE1Q6LxSe70gedGseydnB93yZZBHZEm6I1D1Q
b2vy5ru0@proton.me,OaV5M9TTwwQT,bAIfkvYRSPReiKgn4wB93uIlQQ6aNsIXzIYeiuExS0r2SNihF5
4hsn2q1f@proton.me,KwPKnpc4FzhN,OrovOMjS8RzZGtTWG58VnssmIJ7PDlALZYclqoVWUYu6I1a1gO
kgizhc88@yahoo.com,oMDvDkKafQMf,pbWRXPrnPpTVDgVz69J9nSM04T5EoThEzxRgzNUOrlSyEAgbs4
aidgtoad@gmail.com,x5QMQ6wQ8t5Q,ew1D4COwUNKdIu7vWs39Zik68V78HbDdaIRx8fSUqa4cWncO3G
dorjhooa@proton.me,i94jPw9rYl63,lazVJ73xu2sPKWOkrTwU1xL2f4tVpHQDYJNRZydu6llvMFMB8H
02t4jd3w@hotmail.com,LCdFCfZJnVGI,Nlb8wWissMtGU1nOBkPf1F8wpI7e7vAWfDuQeq1ZuqlXLvBnVm
e1jteqpz@outlook.com,jQrBM4Vr7t75,VgjNyEZvQ9rGxWCauUe0wecU9wJFhwgtzjEFFljIzzNAy5lFig
tbpe11d5@proton.me,m3DfCnIq1NNa,VJiEPuEVdjcGaWT878vNYiIcSoWl0rRLnKxGqunHD3ZkayfaV5
0qk1yiyu@yahoo.com,nR84O4D5SVuz,AfmI4vrW14bLpXNtxgeAm1FfWTwWSAKh2dMT4hyViTFjw1RcM0
oek832dv@yahoo.com,UcqX9vv1VrKn,UfUuz8WnsaSCp8agwTOpwVe2UhspwqYUTmYDi64zaN2pe0bHDT
98z3urxi@proton.me,ZkwvVveuvuzW,QG27M1jlVX77OqjoJwwPMVb0IvtteFGjsGqZvxmQ1fhChfefGX
s70sd4tr@yahoo.com,VEyHGVQaNAqB,vBPFzV1lNvVRQjPG3BzkCf6dKzIQXWjUvswcyOmbMurwtIZRyB
b1wv0gal@outlook.com,VOPLVqgAIwpA,ndm73vhA9mdtL5ecB7KycXlg0b6pnZRDtFvTVQFSVLM63w7Ef3
xbdgwk0r@proton.me,9mtVHXGOGgcF,tCX9uN7fPtX6uGVtYGmfGM8641b5oN0Ogr0TAIne67xwp977M5
